Year,Location_ID,Indicator_ID,TypeOfUse,Value,Scalar_ID,UOM_ID
1961,CN,TS,Medical use,0,6,81
1961,CN,TS,Non-medical use,190,6,81
1961,CN,DP,Medical use,0,6,81
1961,CN,DP,Non-medical use,83,6,81
1961,CN,DMP,Medical use,0,6,81
1961,CN,DMP,Non-medical use,81,6,81
1961,CN,DOP,Medical use,0,6,81
1961,CN,DOP,Non-medical use,2,6,81
1961,CN,IPA,Medical use,0,6,81
1961,CN,IPA,Non-medical use,61,6,81
1961,CN,DM,Medical use,0,6,81
1961,CN,DM,Non-medical use,46,6,81
1961,CN,TU,Medical use,0,6,81
1961,CN,TU,Non-medical use,190,6,81
1961,CN,HCE,Medical use,0,6,81
1961,CN,HCE,Non-medical use,189,6,81
1961,CN,ISA,Medical use,0,6,81
1961,CN,ISA,Non-medical use,1,6,81
1961,CN,IN,Medical use,0,6,81
1961,CN,IN,Non-medical use,0,6,81
1961,CN,GDP,Medical use,0,6,81
1961,CN,GDP,Non-medical use,94,6,81
1962,CN,TS,Medical use,0,6,81
1962,CN,TS,Non-medical use,217,6,81
1962,CN,DP,Medical use,0,6,81
1962,CN,DP,Non-medical use,95,6,81
1962,CN,DMP,Medical use,0,6,81
1962,CN,DMP,Non-medical use,93,6,81
1962,CN,DOP,Medical use,0,6,81
1962,CN,DOP,Non-medical use,2,6,81
1962,CN,IPA,Medical use,0,6,81
1962,CN,IPA,Non-medical use,69,6,81
1962,CN,DM,Medical use,0,6,81
1962,CN,DM,Non-medical use,53,6,81
1962,CN,TU,Medical use,0,6,81
1962,CN,TU,Non-medical use,217,6,81
1962,CN,HCE,Medical use,0,6,81
1962,CN,HCE,Non-medical use,216,6,81
1962,CN,ISA,Medical use,0,6,81
1962,CN,ISA,Non-medical use,1,6,81
1962,CN,IN,Medical use,0,6,81
1962,CN,IN,Non-medical use,0,6,81
1962,CN,GDP,Medical use,0,6,81
1962,CN,GDP,Non-medical use,107,6,81
1963,CN,TS,Medical use,0,6,81
1963,CN,TS,Non-medical use,255,6,81
1963,CN,DP,Medical use,0,6,81
1963,CN,DP,Non-medical use,111,6,81
1963,CN,DMP,Medical use,0,6,81
1963,CN,DMP,Non-medical use,109,6,81
1963,CN,DOP,Medical use,0,6,81
1963,CN,DOP,Non-medical use,2,6,81
1963,CN,IPA,Medical use,0,6,81
1963,CN,IPA,Non-medical use,82,6,81
1963,CN,DM,Medical use,0,6,81
1963,CN,DM,Non-medical use,62,6,81
1963,CN,TU,Medical use,0,6,81
1963,CN,TU,Non-medical use,255,6,81
1963,CN,HCE,Medical use,0,6,81
1963,CN,HCE,Non-medical use,253,6,81
1963,CN,ISA,Medical use,0,6,81
1963,CN,ISA,Non-medical use,2,6,81
1963,CN,IN,Medical use,0,6,81
1963,CN,IN,Non-medical use,0,6,81
1963,CN,GDP,Medical use,0,6,81
1963,CN,GDP,Non-medical use,125,6,81
1964,CN,TS,Medical use,0,6,81
1964,CN,TS,Non-medical use,305,6,81
1964,CN,DP,Medical use,0,6,81
1964,CN,DP,Non-medical use,133,6,81
1964,CN,DMP,Medical use,0,6,81
1964,CN,DMP,Non-medical use,130,6,81
1964,CN,DOP,Medical use,0,6,81
1964,CN,DOP,Non-medical use,3,6,81
1964,CN,IPA,Medical use,0,6,81
1964,CN,IPA,Non-medical use,97,6,81
1964,CN,DM,Medical use,0,6,81
1964,CN,DM,Non-medical use,74,6,81
1964,CN,TU,Medical use,0,6,81
1964,CN,TU,Non-medical use,305,6,81
1964,CN,HCE,Medical use,0,6,81
1964,CN,HCE,Non-medical use,303,6,81
1964,CN,ISA,Medical use,0,6,81
1964,CN,ISA,Non-medical use,2,6,81
1964,CN,IN,Medical use,0,6,81
1964,CN,IN,Non-medical use,0,6,81
1964,CN,GDP,Medical use,0,6,81
1964,CN,GDP,Non-medical use,150,6,81
1965,CN,TS,Medical use,0,6,81
1965,CN,TS,Non-medical use,372,6,81
1965,CN,DP,Medical use,0,6,81
1965,CN,DP,Non-medical use,163,6,81
1965,CN,DMP,Medical use,0,6,81
1965,CN,DMP,Non-medical use,159,6,81
1965,CN,DOP,Medical use,0,6,81
1965,CN,DOP,Non-medical use,3,6,81
1965,CN,IPA,Medical use,0,6,81
1965,CN,IPA,Non-medical use,119,6,81
1965,CN,DM,Medical use,0,6,81
1965,CN,DM,Non-medical use,91,6,81
1965,CN,TU,Medical use,0,6,81
1965,CN,TU,Non-medical use,372,6,81
1965,CN,HCE,Medical use,0,6,81
1965,CN,HCE,Non-medical use,370,6,81
1965,CN,ISA,Medical use,0,6,81
1965,CN,ISA,Non-medical use,2,6,81
1965,CN,IN,Medical use,0,6,81
1965,CN,IN,Non-medical use,0,6,81
1965,CN,GDP,Medical use,0,6,81
1965,CN,GDP,Non-medical use,183,6,81
1966,CN,TS,Medical use,0,6,81
1966,CN,TS,Non-medical use,455,6,81
1966,CN,DP,Medical use,0,6,81
1966,CN,DP,Non-medical use,199,6,81
1966,CN,DMP,Medical use,0,6,81
1966,CN,DMP,Non-medical use,194,6,81
1966,CN,DOP,Medical use,0,6,81
1966,CN,DOP,Non-medical use,4,6,81
1966,CN,IPA,Medical use,0,6,81
1966,CN,IPA,Non-medical use,145,6,81
1966,CN,DM,Medical use,0,6,81
1966,CN,DM,Non-medical use,111,6,81
1966,CN,TU,Medical use,0,6,81
1966,CN,TU,Non-medical use,455,6,81
1966,CN,HCE,Medical use,0,6,81
1966,CN,HCE,Non-medical use,452,6,81
1966,CN,ISA,Medical use,0,6,81
1966,CN,ISA,Non-medical use,3,6,81
1966,CN,IN,Medical use,0,6,81
1966,CN,IN,Non-medical use,0,6,81
1966,CN,GDP,Medical use,0,6,81
1966,CN,GDP,Non-medical use,223,6,81
1967,CN,TS,Medical use,0,6,81
1967,CN,TS,Non-medical use,557,6,81
1967,CN,DP,Medical use,0,6,81
1967,CN,DP,Non-medical use,243,6,81
1967,CN,DMP,Medical use,0,6,81
1967,CN,DMP,Non-medical use,238,6,81
1967,CN,DOP,Medical use,0,6,81
1967,CN,DOP,Non-medical use,5,6,81
1967,CN,IPA,Medical use,0,6,81
1967,CN,IPA,Non-medical use,178,6,81
1967,CN,DM,Medical use,0,6,81
1967,CN,DM,Non-medical use,135,6,81
1967,CN,TU,Medical use,0,6,81
1967,CN,TU,Non-medical use,557,6,81
1967,CN,HCE,Medical use,0,6,81
1967,CN,HCE,Non-medical use,553,6,81
1967,CN,ISA,Medical use,0,6,81
1967,CN,ISA,Non-medical use,3,6,81
1967,CN,IN,Medical use,0,6,81
1967,CN,IN,Non-medical use,0,6,81
1967,CN,GDP,Medical use,0,6,81
1967,CN,GDP,Non-medical use,273,6,81
1968,CN,TS,Medical use,0,6,81
1968,CN,TS,Non-medical use,677,6,81
1968,CN,DP,Medical use,0,6,81
1968,CN,DP,Non-medical use,295,6,81
1968,CN,DMP,Medical use,0,6,81
1968,CN,DMP,Non-medical use,289,6,81
1968,CN,DOP,Medical use,0,6,81
1968,CN,DOP,Non-medical use,6,6,81
1968,CN,IPA,Medical use,0,6,81
1968,CN,IPA,Non-medical use,217,6,81
1968,CN,DM,Medical use,0,6,81
1968,CN,DM,Non-medical use,165,6,81
1968,CN,TU,Medical use,0,6,81
1968,CN,TU,Non-medical use,677,6,81
1968,CN,HCE,Medical use,0,6,81
1968,CN,HCE,Non-medical use,673,6,81
1968,CN,ISA,Medical use,0,6,81
1968,CN,ISA,Non-medical use,4,6,81
1968,CN,IN,Medical use,0,6,81
1968,CN,IN,Non-medical use,0,6,81
1968,CN,GDP,Medical use,0,6,81
1968,CN,GDP,Non-medical use,332,6,81
1969,CN,TS,Medical use,0,6,81
1969,CN,TS,Non-medical use,808,6,81
1969,CN,DP,Medical use,0,6,81
1969,CN,DP,Non-medical use,352,6,81
1969,CN,DMP,Medical use,0,6,81
1969,CN,DMP,Non-medical use,345,6,81
1969,CN,DOP,Medical use,0,6,81
1969,CN,DOP,Non-medical use,8,6,81
1969,CN,IPA,Medical use,0,6,81
1969,CN,IPA,Non-medical use,259,6,81
1969,CN,DM,Medical use,0,6,81
1969,CN,DM,Non-medical use,197,6,81
1969,CN,TU,Medical use,0,6,81
1969,CN,TU,Non-medical use,808,6,81
1969,CN,HCE,Medical use,0,6,81
1969,CN,HCE,Non-medical use,803,6,81
1969,CN,ISA,Medical use,0,6,81
1969,CN,ISA,Non-medical use,5,6,81
1969,CN,IN,Medical use,0,6,81
1969,CN,IN,Non-medical use,0,6,81
1969,CN,GDP,Medical use,0,6,81
1969,CN,GDP,Non-medical use,397,6,81
1970,CN,TS,Medical use,0,6,81
1970,CN,TS,Non-medical use,945,6,81
1970,CN,DP,Medical use,0,6,81
1970,CN,DP,Non-medical use,440,6,81
1970,CN,DMP,Medical use,0,6,81
1970,CN,DMP,Non-medical use,431,6,81
1970,CN,DOP,Medical use,0,6,81
1970,CN,DOP,Non-medical use,9,6,81
1970,CN,IPA,Medical use,0,6,81
1970,CN,IPA,Non-medical use,275,6,81
1970,CN,DM,Medical use,0,6,81
1970,CN,DM,Non-medical use,230,6,81
1970,CN,TU,Medical use,0,6,81
1970,CN,TU,Non-medical use,945,6,81
1970,CN,HCE,Medical use,0,6,81
1970,CN,HCE,Non-medical use,939,6,81
1970,CN,ISA,Medical use,0,6,81
1970,CN,ISA,Non-medical use,6,6,81
1970,CN,IN,Medical use,0,6,81
1970,CN,IN,Non-medical use,0,6,81
1970,CN,GDP,Medical use,0,6,81
1970,CN,GDP,Non-medical use,483,6,81
1971,CN,TS,Medical use,0,6,81
1971,CN,TS,Non-medical use,1082,6,81
1971,CN,DP,Medical use,0,6,81
1971,CN,DP,Non-medical use,504,6,81
1971,CN,DMP,Medical use,0,6,81
1971,CN,DMP,Non-medical use,493,6,81
1971,CN,DOP,Medical use,0,6,81
1971,CN,DOP,Non-medical use,11,6,81
1971,CN,IPA,Medical use,0,6,81
1971,CN,IPA,Non-medical use,315,6,81
1971,CN,DM,Medical use,0,6,81
1971,CN,DM,Non-medical use,263,6,81
1971,CN,TU,Medical use,0,6,81
1971,CN,TU,Non-medical use,1082,6,81
1971,CN,HCE,Medical use,0,6,81
1971,CN,HCE,Non-medical use,1075,6,81
1971,CN,ISA,Medical use,0,6,81
1971,CN,ISA,Non-medical use,7,6,81
1971,CN,IN,Medical use,0,6,81
1971,CN,IN,Non-medical use,0,6,81
1971,CN,GDP,Medical use,0,6,81
1971,CN,GDP,Non-medical use,553,6,81
1972,CN,TS,Medical use,0,6,81
1972,CN,TS,Non-medical use,1213,6,81
1972,CN,DP,Medical use,0,6,81
1972,CN,DP,Non-medical use,564,6,81
1972,CN,DMP,Medical use,0,6,81
1972,CN,DMP,Non-medical use,552,6,81
1972,CN,DOP,Medical use,0,6,81
1972,CN,DOP,Non-medical use,12,6,81
1972,CN,IPA,Medical use,0,6,81
1972,CN,IPA,Non-medical use,354,6,81
1972,CN,DM,Medical use,0,6,81
1972,CN,DM,Non-medical use,296,6,81
1972,CN,TU,Medical use,0,6,81
1972,CN,TU,Non-medical use,1213,6,81
1972,CN,HCE,Medical use,0,6,81
1972,CN,HCE,Non-medical use,1206,6,81
1972,CN,ISA,Medical use,0,6,81
1972,CN,ISA,Non-medical use,8,6,81
1972,CN,IN,Medical use,0,6,81
1972,CN,IN,Non-medical use,0,6,81
1972,CN,GDP,Medical use,0,6,81
1972,CN,GDP,Non-medical use,619,6,81
1973,CN,TS,Medical use,0,6,81
1973,CN,TS,Non-medical use,1334,6,81
1973,CN,DP,Medical use,0,6,81
1973,CN,DP,Non-medical use,620,6,81
1973,CN,DMP,Medical use,0,6,81
1973,CN,DMP,Non-medical use,607,6,81
1973,CN,DOP,Medical use,0,6,81
1973,CN,DOP,Non-medical use,13,6,81
1973,CN,IPA,Medical use,0,6,81
1973,CN,IPA,Non-medical use,389,6,81
1973,CN,DM,Medical use,0,6,81
1973,CN,DM,Non-medical use,325,6,81
1973,CN,TU,Medical use,0,6,81
1973,CN,TU,Non-medical use,1334,6,81
1973,CN,HCE,Medical use,0,6,81
1973,CN,HCE,Non-medical use,1326,6,81
1973,CN,ISA,Medical use,0,6,81
1973,CN,ISA,Non-medical use,8,6,81
1973,CN,IN,Medical use,0,6,81
1973,CN,IN,Non-medical use,0,6,81
1973,CN,GDP,Medical use,0,6,81
1973,CN,GDP,Non-medical use,681,6,81
1974,CN,TS,Medical use,0,6,81
1974,CN,TS,Non-medical use,1447,6,81
1974,CN,DP,Medical use,0,6,81
1974,CN,DP,Non-medical use,716,6,81
1974,CN,DMP,Medical use,0,6,81
1974,CN,DMP,Non-medical use,701,6,81
1974,CN,DOP,Medical use,0,6,81
1974,CN,DOP,Non-medical use,15,6,81
1974,CN,IPA,Medical use,0,6,81
1974,CN,IPA,Non-medical use,378,6,81
1974,CN,DM,Medical use,0,6,81
1974,CN,DM,Non-medical use,353,6,81
1974,CN,TU,Medical use,0,6,81
1974,CN,TU,Non-medical use,1447,6,81
1974,CN,HCE,Medical use,0,6,81
1974,CN,HCE,Non-medical use,1437,6,81
1974,CN,ISA,Medical use,0,6,81
1974,CN,ISA,Non-medical use,10,6,81
1974,CN,IN,Medical use,0,6,81
1974,CN,IN,Non-medical use,0,6,81
1974,CN,GDP,Medical use,0,6,81
1974,CN,GDP,Non-medical use,768,6,81
1975,CN,TS,Medical use,0,6,81
1975,CN,TS,Non-medical use,1550,6,81
1975,CN,DP,Medical use,0,6,81
1975,CN,DP,Non-medical use,768,6,81
1975,CN,DMP,Medical use,0,6,81
1975,CN,DMP,Non-medical use,752,6,81
1975,CN,DOP,Medical use,0,6,81
1975,CN,DOP,Non-medical use,16,6,81
1975,CN,IPA,Medical use,0,6,81
1975,CN,IPA,Non-medical use,403,6,81
1975,CN,DM,Medical use,0,6,81
1975,CN,DM,Non-medical use,379,6,81
1975,CN,TU,Medical use,0,6,81
1975,CN,TU,Non-medical use,1550,6,81
1975,CN,HCE,Medical use,0,6,81
1975,CN,HCE,Non-medical use,1539,6,81
1975,CN,ISA,Medical use,0,6,81
1975,CN,ISA,Non-medical use,10,6,81
1975,CN,IN,Medical use,0,6,81
1975,CN,IN,Non-medical use,0,6,81
1975,CN,GDP,Medical use,0,6,81
1975,CN,GDP,Non-medical use,824,6,81
1976,CN,TS,Medical use,0,6,81
1976,CN,TS,Non-medical use,1658,6,81
1976,CN,DP,Medical use,0,6,81
1976,CN,DP,Non-medical use,825,6,81
1976,CN,DMP,Medical use,0,6,81
1976,CN,DMP,Non-medical use,808,6,81
1976,CN,DOP,Medical use,0,6,81
1976,CN,DOP,Non-medical use,17,6,81
1976,CN,IPA,Medical use,0,6,81
1976,CN,IPA,Non-medical use,428,6,81
1976,CN,DM,Medical use,0,6,81
1976,CN,DM,Non-medical use,406,6,81
1976,CN,TU,Medical use,0,6,81
1976,CN,TU,Non-medical use,1658,6,81
1976,CN,HCE,Medical use,0,6,81
1976,CN,HCE,Non-medical use,1637,6,81
1976,CN,ISA,Medical use,0,6,81
1976,CN,ISA,Non-medical use,22,6,81
1976,CN,IN,Medical use,0,6,81
1976,CN,IN,Non-medical use,0,6,81
1976,CN,GDP,Medical use,0,6,81
1976,CN,GDP,Non-medical use,884,6,81
1977,CN,TS,Medical use,0,6,81
1977,CN,TS,Non-medical use,1766,6,81
1977,CN,DP,Medical use,0,6,81
1977,CN,DP,Non-medical use,881,6,81
1977,CN,DMP,Medical use,0,6,81
1977,CN,DMP,Non-medical use,863,6,81
1977,CN,DOP,Medical use,0,6,81
1977,CN,DOP,Non-medical use,18,6,81
1977,CN,IPA,Medical use,0,6,81
1977,CN,IPA,Non-medical use,453,6,81
1977,CN,DM,Medical use,0,6,81
1977,CN,DM,Non-medical use,432,6,81
1977,CN,TU,Medical use,0,6,81
1977,CN,TU,Non-medical use,1766,6,81
1977,CN,HCE,Medical use,0,6,81
1977,CN,HCE,Non-medical use,1731,6,81
1977,CN,ISA,Medical use,0,6,81
1977,CN,ISA,Non-medical use,34,6,81
1977,CN,IN,Medical use,0,6,81
1977,CN,IN,Non-medical use,0,6,81
1977,CN,GDP,Medical use,0,6,81
1977,CN,GDP,Non-medical use,944,6,81
1978,CN,TS,Medical use,0,6,81
1978,CN,TS,Non-medical use,1873,6,81
1978,CN,DP,Medical use,0,6,81
1978,CN,DP,Non-medical use,996,6,81
1978,CN,DMP,Medical use,0,6,81
1978,CN,DMP,Non-medical use,977,6,81
1978,CN,DOP,Medical use,0,6,81
1978,CN,DOP,Non-medical use,20,6,81
1978,CN,IPA,Medical use,0,6,81
1978,CN,IPA,Non-medical use,417,6,81
1978,CN,DM,Medical use,0,6,81
1978,CN,DM,Non-medical use,459,6,81
1978,CN,TU,Medical use,0,6,81
1978,CN,TU,Non-medical use,1873,6,81
1978,CN,HCE,Medical use,0,6,81
1978,CN,HCE,Non-medical use,1822,6,81
1978,CN,ISA,Medical use,0,6,81
1978,CN,ISA,Non-medical use,51,6,81
1978,CN,IN,Medical use,0,6,81
1978,CN,IN,Non-medical use,0,6,81
1978,CN,GDP,Medical use,0,6,81
1978,CN,GDP,Non-medical use,1044,6,81
1979,CN,TS,Medical use,0,6,81
1979,CN,TS,Non-medical use,1981,6,81
1979,CN,DP,Medical use,0,6,81
1979,CN,DP,Non-medical use,1057,6,81
1979,CN,DMP,Medical use,0,6,81
1979,CN,DMP,Non-medical use,1036,6,81
1979,CN,DOP,Medical use,0,6,81
1979,CN,DOP,Non-medical use,21,6,81
1979,CN,IPA,Medical use,0,6,81
1979,CN,IPA,Non-medical use,438,6,81
1979,CN,DM,Medical use,0,6,81
1979,CN,DM,Non-medical use,486,6,81
1979,CN,TU,Medical use,0,6,81
1979,CN,TU,Non-medical use,1981,6,81
1979,CN,HCE,Medical use,0,6,81
1979,CN,HCE,Non-medical use,1914,6,81
1979,CN,ISA,Medical use,0,6,81
1979,CN,ISA,Non-medical use,67,6,81
1979,CN,IN,Medical use,0,6,81
1979,CN,IN,Non-medical use,0,6,81
1979,CN,GDP,Medical use,0,6,81
1979,CN,GDP,Non-medical use,1106,6,81
1980,CN,TS,Medical use,0,6,81
1980,CN,TS,Non-medical use,2090,6,81
1980,CN,DP,Medical use,0,6,81
1980,CN,DP,Non-medical use,1118,6,81
1980,CN,DMP,Medical use,0,6,81
1980,CN,DMP,Non-medical use,1096,6,81
1980,CN,DOP,Medical use,0,6,81
1980,CN,DOP,Non-medical use,22,6,81
1980,CN,IPA,Medical use,0,6,81
1980,CN,IPA,Non-medical use,459,6,81
1980,CN,DM,Medical use,0,6,81
1980,CN,DM,Non-medical use,513,6,81
1980,CN,TU,Medical use,0,6,81
1980,CN,TU,Non-medical use,2090,6,81
1980,CN,HCE,Medical use,0,6,81
1980,CN,HCE,Non-medical use,2005,6,81
1980,CN,ISA,Medical use,0,6,81
1980,CN,ISA,Non-medical use,85,6,81
1980,CN,IN,Medical use,0,6,81
1980,CN,IN,Non-medical use,0,6,81
1980,CN,GDP,Medical use,0,6,81
1980,CN,GDP,Non-medical use,1169,6,81
1981,CN,TS,Medical use,0,6,81
1981,CN,TS,Non-medical use,2200,6,81
1981,CN,DP,Medical use,0,6,81
1981,CN,DP,Non-medical use,1180,6,81
1981,CN,DMP,Medical use,0,6,81
1981,CN,DMP,Non-medical use,1157,6,81
1981,CN,DOP,Medical use,0,6,81
1981,CN,DOP,Non-medical use,23,6,81
1981,CN,IPA,Medical use,0,6,81
1981,CN,IPA,Non-medical use,480,6,81
1981,CN,DM,Medical use,0,6,81
1981,CN,DM,Non-medical use,540,6,81
1981,CN,TU,Medical use,0,6,81
1981,CN,TU,Non-medical use,2200,6,81
1981,CN,HCE,Medical use,0,6,81
1981,CN,HCE,Non-medical use,2097,6,81
1981,CN,ISA,Medical use,0,6,81
1981,CN,ISA,Non-medical use,103,6,81
1981,CN,IN,Medical use,0,6,81
1981,CN,IN,Non-medical use,0,6,81
1981,CN,GDP,Medical use,0,6,81
1981,CN,GDP,Non-medical use,1233,6,81
1982,CN,TS,Medical use,0,6,81
1982,CN,TS,Non-medical use,2498,6,81
1982,CN,DP,Medical use,0,6,81
1982,CN,DP,Non-medical use,1343,6,81
1982,CN,DMP,Medical use,0,6,81
1982,CN,DMP,Non-medical use,1317,6,81
1982,CN,DOP,Medical use,0,6,81
1982,CN,DOP,Non-medical use,26,6,81
1982,CN,IPA,Medical use,0,6,81
1982,CN,IPA,Non-medical use,541,6,81
1982,CN,DM,Medical use,0,6,81
1982,CN,DM,Non-medical use,614,6,81
1982,CN,TU,Medical use,0,6,81
1982,CN,TU,Non-medical use,2498,6,81
1982,CN,HCE,Medical use,0,6,81
1982,CN,HCE,Non-medical use,2365,6,81
1982,CN,ISA,Medical use,0,6,81
1982,CN,ISA,Non-medical use,133,6,81
1982,CN,IN,Medical use,0,6,81
1982,CN,IN,Non-medical use,0,6,81
1982,CN,GDP,Medical use,0,6,81
1982,CN,GDP,Non-medical use,1403,6,81
1983,CN,TS,Medical use,0,6,81
1983,CN,TS,Non-medical use,2879,6,81
1983,CN,DP,Medical use,0,6,81
1983,CN,DP,Non-medical use,1552,6,81
1983,CN,DMP,Medical use,0,6,81
1983,CN,DMP,Non-medical use,1522,6,81
1983,CN,DOP,Medical use,0,6,81
1983,CN,DOP,Non-medical use,30,6,81
1983,CN,IPA,Medical use,0,6,81
1983,CN,IPA,Non-medical use,619,6,81
1983,CN,DM,Medical use,0,6,81
1983,CN,DM,Non-medical use,707,6,81
1983,CN,TU,Medical use,0,6,81
1983,CN,TU,Non-medical use,2879,6,81
1983,CN,HCE,Medical use,0,6,81
1983,CN,HCE,Non-medical use,2708,6,81
1983,CN,ISA,Medical use,0,6,81
1983,CN,ISA,Non-medical use,171,6,81
1983,CN,IN,Medical use,0,6,81
1983,CN,IN,Non-medical use,0,6,81
1983,CN,GDP,Medical use,0,6,81
1983,CN,GDP,Non-medical use,1619,6,81
1984,CN,TS,Medical use,0,6,81
1984,CN,TS,Non-medical use,3082,6,81
1984,CN,DP,Medical use,0,6,81
1984,CN,DP,Non-medical use,1666,6,81
1984,CN,DMP,Medical use,0,6,81
1984,CN,DMP,Non-medical use,1634,6,81
1984,CN,DOP,Medical use,0,6,81
1984,CN,DOP,Non-medical use,32,6,81
1984,CN,IPA,Medical use,0,6,81
1984,CN,IPA,Non-medical use,658,6,81
1984,CN,DM,Medical use,0,6,81
1984,CN,DM,Non-medical use,757,6,81
1984,CN,TU,Medical use,0,6,81
1984,CN,TU,Non-medical use,3082,6,81
1984,CN,HCE,Medical use,0,6,81
1984,CN,HCE,Non-medical use,2879,6,81
1984,CN,ISA,Medical use,0,6,81
1984,CN,ISA,Non-medical use,202,6,81
1984,CN,IN,Medical use,0,6,81
1984,CN,IN,Non-medical use,0,6,81
1984,CN,GDP,Medical use,0,6,81
1984,CN,GDP,Non-medical use,1737,6,81
1985,CN,TS,Medical use,0,6,81
1985,CN,TS,Non-medical use,3324,6,81
1985,CN,DP,Medical use,0,6,81
1985,CN,DP,Non-medical use,1902,6,81
1985,CN,DMP,Medical use,0,6,81
1985,CN,DMP,Non-medical use,1867,6,81
1985,CN,DOP,Medical use,0,6,81
1985,CN,DOP,Non-medical use,34,6,81
1985,CN,IPA,Medical use,0,6,81
1985,CN,IPA,Non-medical use,604,6,81
1985,CN,DM,Medical use,0,6,81
1985,CN,DM,Non-medical use,819,6,81
1985,CN,TU,Medical use,0,6,81
1985,CN,TU,Non-medical use,3324,6,81
1985,CN,HCE,Medical use,0,6,81
1985,CN,HCE,Non-medical use,3073,6,81
1985,CN,ISA,Medical use,0,6,81
1985,CN,ISA,Non-medical use,251,6,81
1985,CN,IN,Medical use,0,6,81
1985,CN,IN,Non-medical use,0,6,81
1985,CN,GDP,Medical use,0,6,81
1985,CN,GDP,Non-medical use,1946,6,81
1986,CN,TS,Medical use,0,6,81
1986,CN,TS,Non-medical use,3702,6,81
1986,CN,DP,Medical use,0,6,81
1986,CN,DP,Non-medical use,2122,6,81
1986,CN,DMP,Medical use,0,6,81
1986,CN,DMP,Non-medical use,2084,6,81
1986,CN,DOP,Medical use,0,6,81
1986,CN,DOP,Non-medical use,38,6,81
1986,CN,IPA,Medical use,0,6,81
1986,CN,IPA,Non-medical use,668,6,81
1986,CN,DM,Medical use,0,6,81
1986,CN,DM,Non-medical use,912,6,81
1986,CN,TU,Medical use,0,6,81
1986,CN,TU,Non-medical use,3702,6,81
1986,CN,HCE,Medical use,0,6,81
1986,CN,HCE,Non-medical use,3399,6,81
1986,CN,ISA,Medical use,0,6,81
1986,CN,ISA,Non-medical use,303,6,81
1986,CN,IN,Medical use,0,6,81
1986,CN,IN,Non-medical use,0,6,81
1986,CN,GDP,Medical use,0,6,81
1986,CN,GDP,Non-medical use,2170,6,81
1987,CN,TS,Medical use,0,6,81
1987,CN,TS,Non-medical use,4092,6,81
1987,CN,DP,Medical use,0,6,81
1987,CN,DP,Non-medical use,2351,6,81
1987,CN,DMP,Medical use,0,6,81
1987,CN,DMP,Non-medical use,2309,6,81
1987,CN,DOP,Medical use,0,6,81
1987,CN,DOP,Non-medical use,42,6,81
1987,CN,IPA,Medical use,0,6,81
1987,CN,IPA,Non-medical use,733,6,81
1987,CN,DM,Medical use,0,6,81
1987,CN,DM,Non-medical use,1009,6,81
1987,CN,TU,Medical use,0,6,81
1987,CN,TU,Non-medical use,4092,6,81
1987,CN,HCE,Medical use,0,6,81
1987,CN,HCE,Non-medical use,3732,6,81
1987,CN,ISA,Medical use,0,6,81
1987,CN,ISA,Non-medical use,360,6,81
1987,CN,IN,Medical use,0,6,81
1987,CN,IN,Non-medical use,0,6,81
1987,CN,GDP,Medical use,0,6,81
1987,CN,GDP,Non-medical use,2403,6,81
1988,CN,TS,Medical use,0,6,81
1988,CN,TS,Non-medical use,4228,6,81
1988,CN,DP,Medical use,0,6,81
1988,CN,DP,Non-medical use,2433,6,81
1988,CN,DMP,Medical use,0,6,81
1988,CN,DMP,Non-medical use,2390,6,81
1988,CN,DOP,Medical use,0,6,81
1988,CN,DOP,Non-medical use,43,6,81
1988,CN,IPA,Medical use,0,6,81
1988,CN,IPA,Non-medical use,752,6,81
1988,CN,DM,Medical use,0,6,81
1988,CN,DM,Non-medical use,1043,6,81
1988,CN,TU,Medical use,0,6,81
1988,CN,TU,Non-medical use,4228,6,81
1988,CN,HCE,Medical use,0,6,81
1988,CN,HCE,Non-medical use,3830,6,81
1988,CN,ISA,Medical use,0,6,81
1988,CN,ISA,Non-medical use,398,6,81
1988,CN,IN,Medical use,0,6,81
1988,CN,IN,Non-medical use,0,6,81
1988,CN,GDP,Medical use,0,6,81
1988,CN,GDP,Non-medical use,2486,6,81
1989,CN,TS,Medical use,0,6,81
1989,CN,TS,Non-medical use,4316,6,81
1989,CN,DP,Medical use,0,6,81
1989,CN,DP,Non-medical use,2489,6,81
1989,CN,DMP,Medical use,0,6,81
1989,CN,DMP,Non-medical use,2445,6,81
1989,CN,DOP,Medical use,0,6,81
1989,CN,DOP,Non-medical use,44,6,81
1989,CN,IPA,Medical use,0,6,81
1989,CN,IPA,Non-medical use,762,6,81
1989,CN,DM,Medical use,0,6,81
1989,CN,DM,Non-medical use,1065,6,81
1989,CN,TU,Medical use,0,6,81
1989,CN,TU,Non-medical use,4316,6,81
1989,CN,HCE,Medical use,0,6,81
1989,CN,HCE,Non-medical use,3884,6,81
1989,CN,ISA,Medical use,0,6,81
1989,CN,ISA,Non-medical use,432,6,81
1989,CN,IN,Medical use,0,6,81
1989,CN,IN,Non-medical use,0,6,81
1989,CN,GDP,Medical use,0,6,81
1989,CN,GDP,Non-medical use,2542,6,81
1990,CN,TS,Medical use,0,6,81
1990,CN,TS,Non-medical use,4225,6,81
1990,CN,DP,Medical use,0,6,81
1990,CN,DP,Non-medical use,2439,6,81
1990,CN,DMP,Medical use,0,6,81
1990,CN,DMP,Non-medical use,2396,6,81
1990,CN,DOP,Medical use,0,6,81
1990,CN,DOP,Non-medical use,43,6,81
1990,CN,IPA,Medical use,0,6,81
1990,CN,IPA,Non-medical use,743,6,81
1990,CN,DM,Medical use,0,6,81
1990,CN,DM,Non-medical use,1043,6,81
1990,CN,TU,Medical use,0,6,81
1990,CN,TU,Non-medical use,4225,6,81
1990,CN,HCE,Medical use,0,6,81
1990,CN,HCE,Non-medical use,3787,6,81
1990,CN,ISA,Medical use,0,6,81
1990,CN,ISA,Non-medical use,438,6,81
1990,CN,IN,Medical use,0,6,81
1990,CN,IN,Non-medical use,0,6,81
1990,CN,GDP,Medical use,0,6,81
1990,CN,GDP,Non-medical use,2490,6,81
1991,CN,TS,Medical use,0,6,81
1991,CN,TS,Non-medical use,4114,6,81
1991,CN,DP,Medical use,0,6,81
1991,CN,DP,Non-medical use,2499,6,81
1991,CN,DMP,Medical use,0,6,81
1991,CN,DMP,Non-medical use,2456,6,81
1991,CN,DOP,Medical use,0,6,81
1991,CN,DOP,Non-medical use,43,6,81
1991,CN,IPA,Medical use,0,6,81
1991,CN,IPA,Non-medical use,597,6,81
1991,CN,DM,Medical use,0,6,81
1991,CN,DM,Non-medical use,1018,6,81
1991,CN,TU,Medical use,0,6,81
1991,CN,TU,Non-medical use,4114,6,81
1991,CN,HCE,Medical use,0,6,81
1991,CN,HCE,Non-medical use,3642,6,81
1991,CN,ISA,Medical use,0,6,81
1991,CN,ISA,Non-medical use,472,6,81
1991,CN,IN,Medical use,0,6,81
1991,CN,IN,Non-medical use,0,6,81
1991,CN,GDP,Medical use,0,6,81
1991,CN,GDP,Non-medical use,2511,6,81
1992,CN,TS,Medical use,0,6,81
1992,CN,TS,Non-medical use,3937,6,81
1992,CN,DP,Medical use,0,6,81
1992,CN,DP,Non-medical use,2395,6,81
1992,CN,DMP,Medical use,0,6,81
1992,CN,DMP,Non-medical use,2354,6,81
1992,CN,DOP,Medical use,0,6,81
1992,CN,DOP,Non-medical use,41,6,81
1992,CN,IPA,Medical use,0,6,81
1992,CN,IPA,Non-medical use,567,6,81
1992,CN,DM,Medical use,0,6,81
1992,CN,DM,Non-medical use,975,6,81
1992,CN,TU,Medical use,0,6,81
1992,CN,TU,Non-medical use,3937,6,81
1992,CN,HCE,Medical use,0,6,81
1992,CN,HCE,Non-medical use,3462,6,81
1992,CN,ISA,Medical use,0,6,81
1992,CN,ISA,Non-medical use,475,6,81
1992,CN,IN,Medical use,0,6,81
1992,CN,IN,Non-medical use,0,6,81
1992,CN,GDP,Medical use,0,6,81
1992,CN,GDP,Non-medical use,2405,6,81
1993,CN,TS,Medical use,0,6,81
1993,CN,TS,Non-medical use,3952,6,81
1993,CN,DP,Medical use,0,6,81
1993,CN,DP,Non-medical use,2407,6,81
1993,CN,DMP,Medical use,0,6,81
1993,CN,DMP,Non-medical use,2366,6,81
1993,CN,DOP,Medical use,0,6,81
1993,CN,DOP,Non-medical use,41,6,81
1993,CN,IPA,Medical use,0,6,81
1993,CN,IPA,Non-medical use,566,6,81
1993,CN,DM,Medical use,0,6,81
1993,CN,DM,Non-medical use,979,6,81
1993,CN,TU,Medical use,0,6,81
1993,CN,TU,Non-medical use,3952,6,81
1993,CN,HCE,Medical use,0,6,81
1993,CN,HCE,Non-medical use,3452,6,81
1993,CN,ISA,Medical use,0,6,81
1993,CN,ISA,Non-medical use,500,6,81
1993,CN,IN,Medical use,0,6,81
1993,CN,IN,Non-medical use,0,6,81
1993,CN,GDP,Medical use,0,6,81
1993,CN,GDP,Non-medical use,2417,6,81
1994,CN,TS,Medical use,0,6,81
1994,CN,TS,Non-medical use,4004,6,81
1994,CN,DP,Medical use,0,6,81
1994,CN,DP,Non-medical use,2442,6,81
1994,CN,DMP,Medical use,0,6,81
1994,CN,DMP,Non-medical use,2401,6,81
1994,CN,DOP,Medical use,0,6,81
1994,CN,DOP,Non-medical use,41,6,81
1994,CN,IPA,Medical use,0,6,81
1994,CN,IPA,Non-medical use,569,6,81
1994,CN,DM,Medical use,0,6,81
1994,CN,DM,Non-medical use,992,6,81
1994,CN,TU,Medical use,0,6,81
1994,CN,TU,Non-medical use,4004,6,81
1994,CN,HCE,Medical use,0,6,81
1994,CN,HCE,Non-medical use,3475,6,81
1994,CN,ISA,Medical use,0,6,81
1994,CN,ISA,Non-medical use,529,6,81
1994,CN,IN,Medical use,0,6,81
1994,CN,IN,Non-medical use,0,6,81
1994,CN,GDP,Medical use,0,6,81
1994,CN,GDP,Non-medical use,2452,6,81
1995,CN,TS,Medical use,0,6,81
1995,CN,TS,Non-medical use,4147,6,81
1995,CN,DP,Medical use,0,6,81
1995,CN,DP,Non-medical use,2647,6,81
1995,CN,DMP,Medical use,0,6,81
1995,CN,DMP,Non-medical use,2604,6,81
1995,CN,DOP,Medical use,0,6,81
1995,CN,DOP,Non-medical use,44,6,81
1995,CN,IPA,Medical use,0,6,81
1995,CN,IPA,Non-medical use,470,6,81
1995,CN,DM,Medical use,0,6,81
1995,CN,DM,Non-medical use,1030,6,81
1995,CN,TU,Medical use,0,6,81
1995,CN,TU,Non-medical use,4147,6,81
1995,CN,HCE,Medical use,0,6,81
1995,CN,HCE,Non-medical use,3574,6,81
1995,CN,ISA,Medical use,0,6,81
1995,CN,ISA,Non-medical use,573,6,81
1995,CN,IN,Medical use,0,6,81
1995,CN,IN,Non-medical use,0,6,81
1995,CN,GDP,Medical use,0,6,81
1995,CN,GDP,Non-medical use,2621,6,81
1996,CN,TS,Medical use,0,6,81
1996,CN,TS,Non-medical use,4403,6,81
1996,CN,DP,Medical use,0,6,81
1996,CN,DP,Non-medical use,2810,6,81
1996,CN,DMP,Medical use,0,6,81
1996,CN,DMP,Non-medical use,2764,6,81
1996,CN,DOP,Medical use,0,6,81
1996,CN,DOP,Non-medical use,46,6,81
1996,CN,IPA,Medical use,0,6,81
1996,CN,IPA,Non-medical use,499,6,81
1996,CN,DM,Medical use,0,6,81
1996,CN,DM,Non-medical use,1094,6,81
1996,CN,TU,Medical use,0,6,81
1996,CN,TU,Non-medical use,4403,6,81
1996,CN,HCE,Medical use,0,6,81
1996,CN,HCE,Non-medical use,3795,6,81
1996,CN,ISA,Medical use,0,6,81
1996,CN,ISA,Non-medical use,608,6,81
1996,CN,IN,Medical use,0,6,81
1996,CN,IN,Non-medical use,0,6,81
1996,CN,GDP,Medical use,0,6,81
1996,CN,GDP,Non-medical use,2782,6,81
1997,CN,TS,Medical use,0,6,81
1997,CN,TS,Non-medical use,4739,6,81
1997,CN,DP,Medical use,0,6,81
1997,CN,DP,Non-medical use,3025,6,81
1997,CN,DMP,Medical use,0,6,81
1997,CN,DMP,Non-medical use,2975,6,81
1997,CN,DOP,Medical use,0,6,81
1997,CN,DOP,Non-medical use,50,6,81
1997,CN,IPA,Medical use,0,6,81
1997,CN,IPA,Non-medical use,537,6,81
1997,CN,DM,Medical use,0,6,81
1997,CN,DM,Non-medical use,1177,6,81
1997,CN,TU,Medical use,0,6,81
1997,CN,TU,Non-medical use,4739,6,81
1997,CN,HCE,Medical use,0,6,81
1997,CN,HCE,Non-medical use,4085,6,81
1997,CN,ISA,Medical use,0,6,81
1997,CN,ISA,Non-medical use,654,6,81
1997,CN,IN,Medical use,0,6,81
1997,CN,IN,Non-medical use,0,6,81
1997,CN,GDP,Medical use,0,6,81
1997,CN,GDP,Non-medical use,2995,6,81
1998,CN,TS,Medical use,0,6,81
1998,CN,TS,Non-medical use,4979,6,81
1998,CN,DP,Medical use,0,6,81
1998,CN,DP,Non-medical use,3318,6,81
1998,CN,DMP,Medical use,0,6,81
1998,CN,DMP,Non-medical use,3265,6,81
1998,CN,DOP,Medical use,0,6,81
1998,CN,DOP,Non-medical use,53,6,81
1998,CN,IPA,Medical use,0,6,81
1998,CN,IPA,Non-medical use,421,6,81
1998,CN,DM,Medical use,0,6,81
1998,CN,DM,Non-medical use,1240,6,81
1998,CN,TU,Medical use,0,6,81
1998,CN,TU,Non-medical use,4979,6,81
1998,CN,HCE,Medical use,0,6,81
1998,CN,HCE,Non-medical use,4263,6,81
1998,CN,ISA,Medical use,0,6,81
1998,CN,ISA,Non-medical use,716,6,81
1998,CN,IN,Medical use,0,6,81
1998,CN,IN,Non-medical use,0,6,81
1998,CN,GDP,Medical use,0,6,81
1998,CN,GDP,Non-medical use,3244,6,81
1999,CN,TS,Medical use,0,6,81
1999,CN,TS,Non-medical use,5311,6,81
1999,CN,DP,Medical use,0,6,81
1999,CN,DP,Non-medical use,3538,6,81
1999,CN,DMP,Medical use,0,6,81
1999,CN,DMP,Non-medical use,3482,6,81
1999,CN,DOP,Medical use,0,6,81
1999,CN,DOP,Non-medical use,57,6,81
1999,CN,IPA,Medical use,0,6,81
1999,CN,IPA,Non-medical use,451,6,81
1999,CN,DM,Medical use,0,6,81
1999,CN,DM,Non-medical use,1322,6,81
1999,CN,TU,Medical use,0,6,81
1999,CN,TU,Non-medical use,5311,6,81
1999,CN,HCE,Medical use,0,6,81
1999,CN,HCE,Non-medical use,4548,6,81
1999,CN,ISA,Medical use,0,6,81
1999,CN,ISA,Non-medical use,764,6,81
1999,CN,IN,Medical use,0,6,81
1999,CN,IN,Non-medical use,0,6,81
1999,CN,GDP,Medical use,0,6,81
1999,CN,GDP,Non-medical use,3459,6,81
2000,CN,TS,Medical use,0,6,81
2000,CN,TS,Non-medical use,5652,6,81
2000,CN,DP,Medical use,0,6,81
2000,CN,DP,Non-medical use,3764,6,81
2000,CN,DMP,Medical use,0,6,81
2000,CN,DMP,Non-medical use,3704,6,81
2000,CN,DOP,Medical use,0,6,81
2000,CN,DOP,Non-medical use,60,6,81
2000,CN,IPA,Medical use,0,6,81
2000,CN,IPA,Non-medical use,481,6,81
2000,CN,DM,Medical use,0,6,81
2000,CN,DM,Non-medical use,1407,6,81
2000,CN,TU,Medical use,0,6,81
2000,CN,TU,Non-medical use,5652,6,81
2000,CN,HCE,Medical use,0,6,81
2000,CN,HCE,Non-medical use,4840,6,81
2000,CN,ISA,Medical use,0,6,81
2000,CN,ISA,Non-medical use,812,6,81
2000,CN,IN,Medical use,0,6,81
2000,CN,IN,Non-medical use,0,6,81
2000,CN,GDP,Medical use,0,6,81
2000,CN,GDP,Non-medical use,3680,6,81
2001,CN,TS,Medical use,0,6,81
2001,CN,TS,Non-medical use,6009,6,81
2001,CN,DP,Medical use,0,6,81
2001,CN,DP,Non-medical use,4170,6,81
2001,CN,DMP,Medical use,0,6,81
2001,CN,DMP,Non-medical use,4105,6,81
2001,CN,DOP,Medical use,0,6,81
2001,CN,DOP,Non-medical use,65,6,81
2001,CN,IPA,Medical use,0,6,81
2001,CN,IPA,Non-medical use,340,6,81
2001,CN,DM,Medical use,0,6,81
2001,CN,DM,Non-medical use,1499,6,81
2001,CN,TU,Medical use,0,6,81
2001,CN,TU,Non-medical use,6009,6,81
2001,CN,HCE,Medical use,0,6,81
2001,CN,HCE,Non-medical use,5111,6,81
2001,CN,ISA,Medical use,0,6,81
2001,CN,ISA,Non-medical use,898,6,81
2001,CN,IN,Medical use,0,6,81
2001,CN,IN,Non-medical use,0,6,81
2001,CN,GDP,Medical use,0,6,81
2001,CN,GDP,Non-medical use,4030,6,81
2002,CN,TS,Medical use,1,6,81
2002,CN,TS,Non-medical use,6316,6,81
2002,CN,DP,Medical use,1,6,81
2002,CN,DP,Non-medical use,4382,6,81
2002,CN,DMP,Medical use,0,6,81
2002,CN,DMP,Non-medical use,4314,6,81
2002,CN,DOP,Medical use,1,6,81
2002,CN,DOP,Non-medical use,68,6,81
2002,CN,IPA,Medical use,0,6,81
2002,CN,IPA,Non-medical use,358,6,81
2002,CN,DM,Medical use,0,6,81
2002,CN,DM,Non-medical use,1576,6,81
2002,CN,TU,Medical use,1,6,81
2002,CN,TU,Non-medical use,6316,6,81
2002,CN,HCE,Medical use,1,6,81
2002,CN,HCE,Non-medical use,5371,6,81
2002,CN,ISA,Medical use,0,6,81
2002,CN,ISA,Non-medical use,945,6,81
2002,CN,IN,Medical use,0,6,81
2002,CN,IN,Non-medical use,0,6,81
2002,CN,GDP,Medical use,0,6,81
2002,CN,GDP,Non-medical use,4235,6,81
2003,CN,TS,Medical use,1,6,81
2003,CN,TS,Non-medical use,6595,6,81
2003,CN,DP,Medical use,1,6,81
2003,CN,DP,Non-medical use,4575,6,81
2003,CN,DMP,Medical use,0,6,81
2003,CN,DMP,Non-medical use,4507,6,81
2003,CN,DOP,Medical use,1,6,81
2003,CN,DOP,Non-medical use,68,6,81
2003,CN,IPA,Medical use,0,6,81
2003,CN,IPA,Non-medical use,374,6,81
2003,CN,DM,Medical use,0,6,81
2003,CN,DM,Non-medical use,1646,6,81
2003,CN,TU,Medical use,1,6,81
2003,CN,TU,Non-medical use,6595,6,81
2003,CN,HCE,Medical use,1,6,81
2003,CN,HCE,Non-medical use,5607,6,81
2003,CN,ISA,Medical use,0,6,81
2003,CN,ISA,Non-medical use,988,6,81
2003,CN,IN,Medical use,0,6,81
2003,CN,IN,Non-medical use,0,6,81
2003,CN,GDP,Medical use,0,6,81
2003,CN,GDP,Non-medical use,4425,6,81
2004,CN,TS,Medical use,1,6,81
2004,CN,TS,Non-medical use,6773,6,81
2004,CN,DP,Medical use,1,6,81
2004,CN,DP,Non-medical use,4697,6,81
2004,CN,DMP,Medical use,0,6,81
2004,CN,DMP,Non-medical use,4629,6,81
2004,CN,DOP,Medical use,1,6,81
2004,CN,DOP,Non-medical use,68,6,81
2004,CN,IPA,Medical use,0,6,81
2004,CN,IPA,Non-medical use,386,6,81
2004,CN,DM,Medical use,0,6,81
2004,CN,DM,Non-medical use,1690,6,81
2004,CN,TU,Medical use,1,6,81
2004,CN,TU,Non-medical use,6773,6,81
2004,CN,HCE,Medical use,1,6,81
2004,CN,HCE,Non-medical use,5757,6,81
2004,CN,ISA,Medical use,0,6,81
2004,CN,ISA,Non-medical use,1016,6,81
2004,CN,IN,Medical use,0,6,81
2004,CN,IN,Non-medical use,0,6,81
2004,CN,GDP,Medical use,0,6,81
2004,CN,GDP,Non-medical use,4545,6,81
2005,CN,TS,Medical use,1,6,81
2005,CN,TS,Non-medical use,6770,6,81
2005,CN,DP,Medical use,1,6,81
2005,CN,DP,Non-medical use,4695,6,81
2005,CN,DMP,Medical use,0,6,81
2005,CN,DMP,Non-medical use,4629,6,81
2005,CN,DOP,Medical use,1,6,81
2005,CN,DOP,Non-medical use,67,6,81
2005,CN,IPA,Medical use,0,6,81
2005,CN,IPA,Non-medical use,386,6,81
2005,CN,DM,Medical use,0,6,81
2005,CN,DM,Non-medical use,1690,6,81
2005,CN,TU,Medical use,1,6,81
2005,CN,TU,Non-medical use,6770,6,81
2005,CN,HCE,Medical use,1,6,81
2005,CN,HCE,Non-medical use,5754,6,81
2005,CN,ISA,Medical use,0,6,81
2005,CN,ISA,Non-medical use,1017,6,81
2005,CN,IN,Medical use,0,6,81
2005,CN,IN,Non-medical use,0,6,81
2005,CN,GDP,Medical use,0,6,81
2005,CN,GDP,Non-medical use,4544,6,81
2006,CN,TS,Medical use,2,6,81
2006,CN,TS,Non-medical use,6504,6,81
2006,CN,DP,Medical use,2,6,81
2006,CN,DP,Non-medical use,4511,6,81
2006,CN,DMP,Medical use,0,6,81
2006,CN,DMP,Non-medical use,4447,6,81
2006,CN,DOP,Medical use,2,6,81
2006,CN,DOP,Non-medical use,64,6,81
2006,CN,IPA,Medical use,0,6,81
2006,CN,IPA,Non-medical use,370,6,81
2006,CN,DM,Medical use,0,6,81
2006,CN,DM,Non-medical use,1624,6,81
2006,CN,TU,Medical use,2,6,81
2006,CN,TU,Non-medical use,6504,6,81
2006,CN,HCE,Medical use,2,6,81
2006,CN,HCE,Non-medical use,5527,6,81
2006,CN,ISA,Medical use,0,6,81
2006,CN,ISA,Non-medical use,977,6,81
2006,CN,IN,Medical use,0,6,81
2006,CN,IN,Non-medical use,0,6,81
2006,CN,GDP,Medical use,0,6,81
2006,CN,GDP,Non-medical use,4367,6,81
2007,CN,TS,Medical use,2,6,81
2007,CN,TS,Non-medical use,6146,6,81
2007,CN,DP,Medical use,2,6,81
2007,CN,DP,Non-medical use,4263,6,81
2007,CN,DMP,Medical use,0,6,81
2007,CN,DMP,Non-medical use,4202,6,81
2007,CN,DOP,Medical use,2,6,81
2007,CN,DOP,Non-medical use,60,6,81
2007,CN,IPA,Medical use,0,6,81
2007,CN,IPA,Non-medical use,349,6,81
2007,CN,DM,Medical use,0,6,81
2007,CN,DM,Non-medical use,1535,6,81
2007,CN,TU,Medical use,2,6,81
2007,CN,TU,Non-medical use,6146,6,81
2007,CN,HCE,Medical use,2,6,81
2007,CN,HCE,Non-medical use,5221,6,81
2007,CN,ISA,Medical use,0,6,81
2007,CN,ISA,Non-medical use,924,6,81
2007,CN,IN,Medical use,0,6,81
2007,CN,IN,Non-medical use,0,6,81
2007,CN,GDP,Medical use,0,6,81
2007,CN,GDP,Non-medical use,4127,6,81
2008,CN,TS,Medical use,3,6,81
2008,CN,TS,Non-medical use,6132,6,81
2008,CN,DP,Medical use,3,6,81
2008,CN,DP,Non-medical use,4252,6,81
2008,CN,DMP,Medical use,0,6,81
2008,CN,DMP,Non-medical use,4192,6,81
2008,CN,DOP,Medical use,3,6,81
2008,CN,DOP,Non-medical use,61,6,81
2008,CN,IPA,Medical use,0,6,81
2008,CN,IPA,Non-medical use,348,6,81
2008,CN,DM,Medical use,0,6,81
2008,CN,DM,Non-medical use,1531,6,81
2008,CN,TU,Medical use,3,6,81
2008,CN,TU,Non-medical use,6132,6,81
2008,CN,HCE,Medical use,3,6,81
2008,CN,HCE,Non-medical use,5209,6,81
2008,CN,ISA,Medical use,0,6,81
2008,CN,ISA,Non-medical use,923,6,81
2008,CN,IN,Medical use,0,6,81
2008,CN,IN,Non-medical use,0,6,81
2008,CN,GDP,Medical use,1,6,81
2008,CN,GDP,Non-medical use,4117,6,81
2009,CN,TS,Medical use,4,6,81
2009,CN,TS,Non-medical use,5909,6,81
2009,CN,DP,Medical use,4,6,81
2009,CN,DP,Non-medical use,4099,6,81
2009,CN,DMP,Medical use,1,6,81
2009,CN,DMP,Non-medical use,4040,6,81
2009,CN,DOP,Medical use,4,6,81
2009,CN,DOP,Non-medical use,59,6,81
2009,CN,IPA,Medical use,0,6,81
2009,CN,IPA,Non-medical use,335,6,81
2009,CN,DM,Medical use,0,6,81
2009,CN,DM,Non-medical use,1476,6,81
2009,CN,TU,Medical use,4,6,81
2009,CN,TU,Non-medical use,5909,6,81
2009,CN,HCE,Medical use,4,6,81
2009,CN,HCE,Non-medical use,5019,6,81
2009,CN,ISA,Medical use,0,6,81
2009,CN,ISA,Non-medical use,890,6,81
2009,CN,IN,Medical use,0,6,81
2009,CN,IN,Non-medical use,0,6,81
2009,CN,GDP,Medical use,1,6,81
2009,CN,GDP,Non-medical use,3968,6,81
2010,CN,TS,Medical use,6,6,81
2010,CN,TS,Non-medical use,5871,6,81
2010,CN,DP,Medical use,6,6,81
2010,CN,DP,Non-medical use,4071,6,81
2010,CN,DMP,Medical use,1,6,81
2010,CN,DMP,Non-medical use,4012,6,81
2010,CN,DOP,Medical use,5,6,81
2010,CN,DOP,Non-medical use,59,6,81
2010,CN,IPA,Medical use,0,6,81
2010,CN,IPA,Non-medical use,333,6,81
2010,CN,DM,Medical use,0,6,81
2010,CN,DM,Non-medical use,1466,6,81
2010,CN,TU,Medical use,6,6,81
2010,CN,TU,Non-medical use,5871,6,81
2010,CN,HCE,Medical use,6,6,81
2010,CN,HCE,Non-medical use,4986,6,81
2010,CN,ISA,Medical use,0,6,81
2010,CN,ISA,Non-medical use,885,6,81
2010,CN,IN,Medical use,0,6,81
2010,CN,IN,Non-medical use,0,6,81
2010,CN,GDP,Medical use,1,6,81
2010,CN,GDP,Non-medical use,3915,6,81
2011,CN,TS,Medical use,9,6,81
2011,CN,TS,Non-medical use,6188,6,81
2011,CN,DP,Medical use,8,6,81
2011,CN,DP,Non-medical use,4293,6,81
2011,CN,DMP,Medical use,1,6,81
2011,CN,DMP,Non-medical use,4229,6,81
2011,CN,DOP,Medical use,7,6,81
2011,CN,DOP,Non-medical use,64,6,81
2011,CN,IPA,Medical use,0,6,81
2011,CN,IPA,Non-medical use,350,6,81
2011,CN,DM,Medical use,0,6,81
2011,CN,DM,Non-medical use,1545,6,81
2011,CN,TU,Medical use,9,6,81
2011,CN,TU,Non-medical use,6188,6,81
2011,CN,HCE,Medical use,9,6,81
2011,CN,HCE,Non-medical use,5215,6,81
2011,CN,ISA,Medical use,0,6,81
2011,CN,ISA,Non-medical use,973,6,81
2011,CN,IN,Medical use,0,6,81
2011,CN,IN,Non-medical use,0,6,81
2011,CN,GDP,Medical use,2,6,81
2011,CN,GDP,Non-medical use,4139,6,81
2012,CN,TS,Medical use,12,6,81
2012,CN,TS,Non-medical use,6644,6,81
2012,CN,DP,Medical use,12,6,81
2012,CN,DP,Non-medical use,4614,6,81
2012,CN,DMP,Medical use,2,6,81
2012,CN,DMP,Non-medical use,4543,6,81
2012,CN,DOP,Medical use,10,6,81
2012,CN,DOP,Non-medical use,71,6,81
2012,CN,IPA,Medical use,0,6,81
2012,CN,IPA,Non-medical use,371,6,81
2012,CN,DM,Medical use,0,6,81
2012,CN,DM,Non-medical use,1660,6,81
2012,CN,TU,Medical use,12,6,81
2012,CN,TU,Non-medical use,6644,6,81
2012,CN,HCE,Medical use,12,6,81
2012,CN,HCE,Non-medical use,5517,6,81
2012,CN,ISA,Medical use,0,6,81
2012,CN,ISA,Non-medical use,1127,6,81
2012,CN,IN,Medical use,0,6,81
2012,CN,IN,Non-medical use,0,6,81
2012,CN,GDP,Medical use,2,6,81
2012,CN,GDP,Non-medical use,4394,6,81
2013,CN,TS,Medical use,18,6,81
2013,CN,TS,Non-medical use,7118,6,81
2013,CN,DP,Medical use,18,6,81
2013,CN,DP,Non-medical use,4950,6,81
2013,CN,DMP,Medical use,3,6,81
2013,CN,DMP,Non-medical use,4871,6,81
2013,CN,DOP,Medical use,15,6,81
2013,CN,DOP,Non-medical use,78,6,81
2013,CN,IPA,Medical use,0,6,81
2013,CN,IPA,Non-medical use,389,6,81
2013,CN,DM,Medical use,0,6,81
2013,CN,DM,Non-medical use,1779,6,81
2013,CN,TU,Medical use,18,6,81
2013,CN,TU,Non-medical use,7118,6,81
2013,CN,HCE,Medical use,18,6,81
2013,CN,HCE,Non-medical use,5826,6,81
2013,CN,ISA,Medical use,0,6,81
2013,CN,ISA,Non-medical use,1292,6,81
2013,CN,IN,Medical use,0,6,81
2013,CN,IN,Non-medical use,0,6,81
2013,CN,GDP,Medical use,4,6,81
2013,CN,GDP,Non-medical use,4714,6,81
2014,CN,TS,Medical use,41,6,81
2014,CN,TS,Non-medical use,7139,6,81
2014,CN,DP,Medical use,38,6,81
2014,CN,DP,Non-medical use,4964,6,81
2014,CN,DMP,Medical use,22,6,81
2014,CN,DMP,Non-medical use,4883,6,81
2014,CN,DOP,Medical use,15,6,81
2014,CN,DOP,Non-medical use,81,6,81
2014,CN,IPA,Medical use,0,6,81
2014,CN,IPA,Non-medical use,390,6,81
2014,CN,DM,Medical use,4,6,81
2014,CN,DM,Non-medical use,1784,6,81
2014,CN,TU,Medical use,41,6,81
2014,CN,TU,Non-medical use,7139,6,81
2014,CN,HCE,Medical use,41,6,81
2014,CN,HCE,Non-medical use,5844,6,81
2014,CN,ISA,Medical use,0,6,81
2014,CN,ISA,Non-medical use,1295,6,81
2014,CN,IN,Medical use,0,6,81
2014,CN,IN,Non-medical use,0,6,81
2014,CN,GDP,Medical use,8,6,81
2014,CN,GDP,Non-medical use,4707,6,81
2015,CN,TS,Medical use,77,6,81
2015,CN,TS,Non-medical use,6989,6,81
2015,CN,DP,Medical use,69,6,81
2015,CN,DP,Non-medical use,4860,6,81
2015,CN,DMP,Medical use,50,6,81
2015,CN,DMP,Non-medical use,4779,6,81
2015,CN,DOP,Medical use,18,6,81
2015,CN,DOP,Non-medical use,81,6,81
2015,CN,IPA,Medical use,0,6,81
2015,CN,IPA,Non-medical use,382,6,81
2015,CN,DM,Medical use,8,6,81
2015,CN,DM,Non-medical use,1747,6,81
2015,CN,TU,Medical use,77,6,81
2015,CN,TU,Non-medical use,6989,6,81
2015,CN,HCE,Medical use,77,6,81
2015,CN,HCE,Non-medical use,5722,6,81
2015,CN,ISA,Medical use,0,6,81
2015,CN,ISA,Non-medical use,1267,6,81
2015,CN,IN,Medical use,0,6,81
2015,CN,IN,Non-medical use,0,6,81
2015,CN,GDP,Medical use,14,6,81
2015,CN,GDP,Non-medical use,4605,6,81
2016,CN,TS,Medical use,278,6,81
2016,CN,TS,Non-medical use,6670,6,81
2016,CN,DP,Medical use,244,6,81
2016,CN,DP,Non-medical use,4638,6,81
2016,CN,DMP,Medical use,209,6,81
2016,CN,DMP,Non-medical use,4561,6,81
2016,CN,DOP,Medical use,35,6,81
2016,CN,DOP,Non-medical use,77,6,81
2016,CN,IPA,Medical use,0,6,81
2016,CN,IPA,Non-medical use,365,6,81
2016,CN,DM,Medical use,33,6,81
2016,CN,DM,Non-medical use,1667,6,81
2016,CN,TU,Medical use,278,6,81
2016,CN,TU,Non-medical use,6670,6,81
2016,CN,HCE,Medical use,278,6,81
2016,CN,HCE,Non-medical use,5461,6,81
2016,CN,ISA,Medical use,0,6,81
2016,CN,ISA,Non-medical use,1209,6,81
2016,CN,IN,Medical use,0,6,81
2016,CN,IN,Non-medical use,0,6,81
2016,CN,GDP,Medical use,49,6,81
2016,CN,GDP,Non-medical use,4392,6,81
2017,CN,TS,Medical use,584,6,81
2017,CN,TS,Non-medical use,6035,6,81
2017,CN,DP,Medical use,508,6,81
2017,CN,DP,Non-medical use,4197,6,81
2017,CN,DMP,Medical use,477,6,81
2017,CN,DMP,Non-medical use,4127,6,81
2017,CN,DOP,Medical use,31,6,81
2017,CN,DOP,Non-medical use,70,6,81
2017,CN,IPA,Medical use,0,6,81
2017,CN,IPA,Non-medical use,330,6,81
2017,CN,DM,Medical use,77,6,81
2017,CN,DM,Non-medical use,1508,6,81
2017,CN,TU,Medical use,584,6,81
2017,CN,TU,Non-medical use,6035,6,81
2017,CN,HCE,Medical use,584,6,81
2017,CN,HCE,Non-medical use,4941,6,81
2017,CN,ISA,Medical use,0,6,81
2017,CN,ISA,Non-medical use,1094,6,81
2017,CN,IN,Medical use,0,6,81
2017,CN,IN,Non-medical use,0,6,81
2017,CN,GDP,Medical use,102,6,81
2017,CN,GDP,Non-medical use,3974,6,81
2018,CN,TS,Medical use,1758,6,81
2018,CN,TS,Non-medical use,6099,6,81
2018,CN,DP,Medical use,1601,6,81
2018,CN,DP,Non-medical use,4286,6,81
2018,CN,DMP,Medical use,1577,6,81
2018,CN,DMP,Non-medical use,4215,6,81
2018,CN,DOP,Medical use,24,6,81
2018,CN,DOP,Non-medical use,71,6,81
2018,CN,IPA,Medical use,0,6,81
2018,CN,IPA,Non-medical use,325,6,81
2018,CN,DM,Medical use,158,6,81
2018,CN,DM,Non-medical use,1487,6,81
2018,CN,TU,Medical use,1758,6,81
2018,CN,TU,Non-medical use,6099,6,81
2018,CN,HCE,Medical use,766,6,81
2018,CN,HCE,Non-medical use,4984,6,81
2018,CN,ISA,Medical use,0,6,81
2018,CN,ISA,Non-medical use,1115,6,81
2018,CN,IN,Medical use,992,6,81
2018,CN,IN,Non-medical use,0,6,81
2018,CN,GDP,Medical use,645,6,81
2018,CN,GDP,Non-medical use,4054,6,81
