Year,Location_ID,Company_ID,Usage_ID,Value,Scalar_ID,UOM_ID
1986,CN,ALL,D,2168059,3,203
1986,CN,ALL,DF,1826526,3,203
1986,CN,ALL,DP,200549,3,203
1986,CN,ALL,DYS,114676,3,203
1986,CN,ALL,DWT,26308,3,203
1986,CN,ALL,COST,651231694,0,81
1986,CN,CNNL,D,1029150,3,203
1986,CN,CNNL,DF,907298,3,203
1986,CN,CNNL,DP,54604,3,203
1986,CN,CNNL,DYS,57998,3,203
1986,CN,CNNL,DWT,9249,3,203
1986,CN,CNNL,COST,318818032,0,81
1986,CN,CNPC,D,835499,3,203
1986,CN,CNPC,DF,777698,3,203
1986,CN,CNPC,DP,0,3,203
1986,CN,CNPC,DYS,45370,3,203
1986,CN,CNPC,DWT,12431,3,203
1986,CN,CNPC,COST,243389009,0,81
1986,CN,VIAR,D,137747,3,203
1986,CN,VIAR,DF,0,3,203
1986,CN,VIAR,DP,137747,3,203
1986,CN,VIAR,DYS,0,3,203
1986,CN,VIAR,DWT,0,3,203
1986,CN,VIAR,COST,39788800,0,81
1986,CN,RGRL,D,165663,3,203
1986,CN,RGRL,DF,141530,3,203
1986,CN,RGRL,DP,8198,3,203
1986,CN,RGRL,DYS,11308,3,203
1986,CN,RGRL,DWT,4628,3,203
1986,CN,RGRL,COST,49235853,0,81
1987,CN,ALL,D,2191002,3,203
1987,CN,ALL,DF,1895467,3,203
1987,CN,ALL,DP,153233,3,203
1987,CN,ALL,DYS,118622,3,203
1987,CN,ALL,DWT,23680,3,203
1987,CN,ALL,COST,656830418,0,81
1987,CN,CNNL,D,995041,3,203
1987,CN,CNNL,DF,924638,3,203
1987,CN,CNNL,DP,0,3,203
1987,CN,CNNL,DYS,60290,3,203
1987,CN,CNNL,DWT,10113,3,203
1987,CN,CNNL,COST,320653715,0,81
1987,CN,CNPC,D,884793,3,203
1987,CN,CNPC,DF,828670,3,203
1987,CN,CNPC,DP,0,3,203
1987,CN,CNPC,DYS,47461,3,203
1987,CN,CNPC,DWT,8662,3,203
1987,CN,CNPC,COST,256105141,0,81
1987,CN,VIAR,D,145475,3,203
1987,CN,VIAR,DF,0,3,203
1987,CN,VIAR,DP,145475,3,203
1987,CN,VIAR,DYS,0,3,203
1987,CN,VIAR,DWT,0,3,203
1987,CN,VIAR,COST,33299000,0,81
1987,CN,RGRL,D,165693,3,203
1987,CN,RGRL,DF,142159,3,203
1987,CN,RGRL,DP,7758,3,203
1987,CN,RGRL,DYS,10871,3,203
1987,CN,RGRL,DWT,4904,3,203
1987,CN,RGRL,COST,46772562,0,81
1988,CN,ALL,D,2220346,3,203
1988,CN,ALL,DF,1954146,3,203
1988,CN,ALL,DP,125356,3,203
1988,CN,ALL,DYS,118128,3,203
1988,CN,ALL,DWT,22716,3,203
1988,CN,ALL,COST,656075749,0,81
1988,CN,CNNL,D,1035511,3,203
1988,CN,CNNL,DF,966816,3,203
1988,CN,CNNL,DP,0,3,203
1988,CN,CNNL,DYS,58909,3,203
1988,CN,CNNL,DWT,9787,3,203
1988,CN,CNNL,COST,320435509,0,81
1988,CN,CNPC,D,885311,3,203
1988,CN,CNPC,DF,829976,3,203
1988,CN,CNPC,DP,0,3,203
1988,CN,CNPC,DYS,47265,3,203
1988,CN,CNPC,DWT,8070,3,203
1988,CN,CNPC,COST,249715146,0,81
1988,CN,VIAR,D,117560,3,203
1988,CN,VIAR,DF,0,3,203
1988,CN,VIAR,DP,117560,3,203
1988,CN,VIAR,DYS,0,3,203
1988,CN,VIAR,DWT,0,3,203
1988,CN,VIAR,COST,36446000,0,81
1988,CN,RGRL,D,181964,3,203
1988,CN,RGRL,DF,157354,3,203
1988,CN,RGRL,DP,7796,3,203
1988,CN,RGRL,DYS,11955,3,203
1988,CN,RGRL,DWT,4859,3,203
1988,CN,RGRL,COST,49479094,0,81
1989,CN,ALL,D,2024349,3,203
1989,CN,ALL,DF,1770873,3,203
1989,CN,ALL,DP,126605,3,203
1989,CN,ALL,DYS,109556,3,203
1989,CN,ALL,DWT,17315,3,203
1989,CN,ALL,COST,613680725,0,81
1989,CN,CNNL,D,906336,3,203
1989,CN,CNNL,DF,845541,3,203
1989,CN,CNNL,DP,0,3,203
1989,CN,CNNL,DYS,52956,3,203
1989,CN,CNNL,DWT,7840,3,203
1989,CN,CNNL,COST,301815033,0,81
1989,CN,CNPC,D,817799,3,203
1989,CN,CNPC,DF,769307,3,203
1989,CN,CNPC,DP,0,3,203
1989,CN,CNPC,DYS,43515,3,203
1989,CN,CNPC,DWT,4977,3,203
1989,CN,CNPC,COST,229441906,0,81
1989,CN,VIAR,D,116995,3,203
1989,CN,VIAR,DF,0,3,203
1989,CN,VIAR,DP,116995,3,203
1989,CN,VIAR,DYS,0,3,203
1989,CN,VIAR,DWT,0,3,203
1989,CN,VIAR,COST,30405748,0,81
1989,CN,RGRL,D,183219,3,203
1989,CN,RGRL,DF,156025,3,203
1989,CN,RGRL,DP,9610,3,203
1989,CN,RGRL,DYS,13086,3,203
1989,CN,RGRL,DWT,4498,3,203
1989,CN,RGRL,COST,52018038,0,81
1990,CN,ALL,D,1913814,3,203
1990,CN,ALL,DF,1709760,3,203
1990,CN,ALL,DP,74878,3,203
1990,CN,ALL,DYS,116117,3,203
1990,CN,ALL,DWT,13058,3,203
1990,CN,ALL,COST,651420485,0,81
1990,CN,CNNL,D,879142,3,203
1990,CN,CNNL,DF,814586,3,203
1990,CN,CNNL,DP,0,3,203
1990,CN,CNNL,DYS,58420,3,203
1990,CN,CNNL,DWT,6136,3,203
1990,CN,CNNL,COST,319320848,0,81
1990,CN,CNPC,D,814917,3,203
1990,CN,CNPC,DF,767230,3,203
1990,CN,CNPC,DP,0,3,203
1990,CN,CNPC,DYS,44565,3,203
1990,CN,CNPC,DWT,3122,3,203
1990,CN,CNPC,COST,259809657,0,81
1990,CN,VIAR,D,68857,3,203
1990,CN,VIAR,DF,0,3,203
1990,CN,VIAR,DP,68110,3,203
1990,CN,VIAR,DYS,748,3,203
1990,CN,VIAR,DWT,0,3,203
1990,CN,VIAR,COST,23942534,0,81
1990,CN,RGRL,D,150898,3,203
1990,CN,RGRL,DF,127944,3,203
1990,CN,RGRL,DP,6769,3,203
1990,CN,RGRL,DYS,12384,3,203
1990,CN,RGRL,DWT,3801,3,203
1990,CN,RGRL,COST,48347446,0,81
1991,CN,ALL,D,1972528,3,203
1991,CN,ALL,DF,1774337,3,203
1991,CN,ALL,DP,70096,3,203
1991,CN,ALL,DYS,116916,3,203
1991,CN,ALL,DWT,11179,3,203
1991,CN,ALL,COST,641975222,0,81
1991,CN,CNNL,D,911080,3,203
1991,CN,CNNL,DF,849186,3,203
1991,CN,CNNL,DP,0,3,203
1991,CN,CNNL,DYS,58616,3,203
1991,CN,CNNL,DWT,3277,3,203
1991,CN,CNNL,COST,324432341,0,81
1991,CN,CNPC,D,845596,3,203
1991,CN,CNPC,DF,794465,3,203
1991,CN,CNPC,DP,0,3,203
1991,CN,CNPC,DYS,46460,3,203
1991,CN,CNPC,DWT,4671,3,203
1991,CN,CNPC,COST,252644218,0,81
1991,CN,VIAR,D,63955,3,203
1991,CN,VIAR,DF,0,3,203
1991,CN,VIAR,DP,63446,3,203
1991,CN,VIAR,DYS,509,3,203
1991,CN,VIAR,DWT,0,3,203
1991,CN,VIAR,COST,19044806,0,81
1991,CN,RGRL,D,151898,3,203
1991,CN,RGRL,DF,130685,3,203
1991,CN,RGRL,DP,6650,3,203
1991,CN,RGRL,DYS,11331,3,203
1991,CN,RGRL,DWT,3231,3,203
1991,CN,RGRL,COST,45853857,0,81
1992,CN,ALL,D,1894237,3,203
1992,CN,ALL,DF,1704686,3,203
1992,CN,ALL,DP,61535,3,203
1992,CN,ALL,DYS,116061,3,203
1992,CN,ALL,DWT,11955,3,203
1992,CN,ALL,COST,573189775,0,81
1992,CN,CNNL,D,895952,3,203
1992,CN,CNNL,DF,832667,3,203
1992,CN,CNNL,DP,0,3,203
1992,CN,CNNL,DYS,59031,3,203
1992,CN,CNNL,DWT,4254,3,203
1992,CN,CNNL,COST,290213000,0,81
1992,CN,CNPC,D,795398,3,203
1992,CN,CNPC,DF,744770,3,203
1992,CN,CNPC,DP,0,3,203
1992,CN,CNPC,DYS,46432,3,203
1992,CN,CNPC,DWT,4196,3,203
1992,CN,CNPC,COST,224245642,0,81
1992,CN,VIAR,D,56010,3,203
1992,CN,VIAR,DF,0,3,203
1992,CN,VIAR,DP,56010,3,203
1992,CN,VIAR,DYS,0,3,203
1992,CN,VIAR,DWT,0,3,203
1992,CN,VIAR,COST,15567796,0,81
1992,CN,RGRL,D,146876,3,203
1992,CN,RGRL,DF,127248,3,203
1992,CN,RGRL,DP,5525,3,203
1992,CN,RGRL,DYS,10598,3,203
1992,CN,RGRL,DWT,3504,3,203
1992,CN,RGRL,COST,43163337,0,81
1993,CN,ALL,D,1906796,3,203
1993,CN,ALL,DF,1711074,3,203
1993,CN,ALL,DP,67002,3,203
1993,CN,ALL,DYS,118454,3,203
1993,CN,ALL,DWT,10266,3,203
1993,CN,ALL,COST,578556585,0,81
1993,CN,CNNL,D,885216,3,203
1993,CN,CNNL,DF,822648,3,203
1993,CN,CNNL,DP,0,3,203
1993,CN,CNNL,DYS,58561,3,203
1993,CN,CNNL,DWT,4007,3,203
1993,CN,CNNL,COST,285326026,0,81
1993,CN,CNPC,D,808162,3,203
1993,CN,CNPC,DF,755527,3,203
1993,CN,CNPC,DP,0,3,203
1993,CN,CNPC,DYS,49177,3,203
1993,CN,CNPC,DWT,3458,3,203
1993,CN,CNPC,COST,235016513,0,81
1993,CN,VIAR,D,61715,3,203
1993,CN,VIAR,DF,0,3,203
1993,CN,VIAR,DP,61715,3,203
1993,CN,VIAR,DYS,0,3,203
1993,CN,VIAR,DWT,0,3,203
1993,CN,VIAR,COST,14839867,0,81
1993,CN,RGRL,D,151703,3,203
1993,CN,RGRL,DF,132900,3,203
1993,CN,RGRL,DP,5287,3,203
1993,CN,RGRL,DYS,10715,3,203
1993,CN,RGRL,DWT,2801,3,203
1993,CN,RGRL,COST,43374179,0,81
1994,CN,ALL,D,1986748,3,203
1994,CN,ALL,DF,1790386,3,203
1994,CN,ALL,DP,57468,3,203
1994,CN,ALL,DYS,127704,3,203
1994,CN,ALL,DWT,11190,3,203
1994,CN,ALL,COST,621047713,0,81
1994,CN,CNNL,D,877719,3,203
1994,CN,CNNL,DF,812258,3,203
1994,CN,CNNL,DP,0,3,203
1994,CN,CNNL,DYS,60817,3,203
1994,CN,CNNL,DWT,4645,3,203
1994,CN,CNNL,COST,304455808,0,81
1994,CN,CNPC,D,885911,3,203
1994,CN,CNPC,DF,829454,3,203
1994,CN,CNPC,DP,0,3,203
1994,CN,CNPC,DYS,54390,3,203
1994,CN,CNPC,DWT,2068,3,203
1994,CN,CNPC,COST,253589040,0,81
1994,CN,VIAR,D,53036,3,203
1994,CN,VIAR,DF,0,3,203
1994,CN,VIAR,DP,53036,3,203
1994,CN,VIAR,DYS,0,3,203
1994,CN,VIAR,DWT,0,3,203
1994,CN,VIAR,COST,15902033,0,81
1994,CN,RGRL,D,170082,3,203
1994,CN,RGRL,DF,148675,3,203
1994,CN,RGRL,DP,4432,3,203
1994,CN,RGRL,DYS,12498,3,203
1994,CN,RGRL,DWT,4477,3,203
1994,CN,RGRL,COST,47100832,0,81
1995,CN,ALL,D,1998053,3,203
1995,CN,ALL,DF,1804773,3,203
1995,CN,ALL,DP,53673,3,203
1995,CN,ALL,DYS,130415,3,203
1995,CN,ALL,DWT,9193,3,203
1995,CN,ALL,COST,623650907,0,81
1995,CN,CNNL,D,884088,3,203
1995,CN,CNNL,DF,815222,3,203
1995,CN,CNNL,DP,0,3,203
1995,CN,CNNL,DYS,65907,3,203
1995,CN,CNNL,DWT,2960,3,203
1995,CN,CNNL,COST,301603302,0,81
1995,CN,CNPC,D,889738,3,203
1995,CN,CNPC,DF,836672,3,203
1995,CN,CNPC,DP,0,3,203
1995,CN,CNPC,DYS,50845,3,203
1995,CN,CNPC,DWT,2222,3,203
1995,CN,CNPC,COST,259554505,0,81
1995,CN,VIAR,D,49309,3,203
1995,CN,VIAR,DF,0,3,203
1995,CN,VIAR,DP,49309,3,203
1995,CN,VIAR,DYS,0,3,203
1995,CN,VIAR,DWT,0,3,203
1995,CN,VIAR,COST,15929133,0,81
1995,CN,RGRL,D,174918,3,203
1995,CN,RGRL,DF,152879,3,203
1995,CN,RGRL,DP,4364,3,203
1995,CN,RGRL,DYS,13663,3,203
1995,CN,RGRL,DWT,4012,3,203
1995,CN,RGRL,COST,46563967,0,81
1996,CN,ALL,D,1994354,3,203
1996,CN,ALL,DF,1792495,3,203
1996,CN,ALL,DP,66285,3,203
1996,CN,ALL,DYS,129372,3,203
1996,CN,ALL,DWT,6203,3,203
1996,CN,ALL,COST,652615580,0,81
1996,CN,CNNL,D,944376,3,203
1996,CN,CNNL,DF,873314,3,203
1996,CN,CNNL,DP,0,3,203
1996,CN,CNNL,DYS,67590,3,203
1996,CN,CNNL,DWT,3472,3,203
1996,CN,CNNL,COST,332845996,0,81
1996,CN,CNPC,D,814172,3,203
1996,CN,CNPC,DF,764952,3,203
1996,CN,CNPC,DP,0,3,203
1996,CN,CNPC,DYS,48868,3,203
1996,CN,CNPC,DWT,352,3,203
1996,CN,CNPC,COST,251828234,0,81
1996,CN,VIAR,D,61391,3,203
1996,CN,VIAR,DF,0,3,203
1996,CN,VIAR,DP,61391,3,203
1996,CN,VIAR,DYS,0,3,203
1996,CN,VIAR,DWT,0,3,203
1996,CN,VIAR,COST,18887945,0,81
1996,CN,RGRL,D,174415,3,203
1996,CN,RGRL,DF,154229,3,203
1996,CN,RGRL,DP,4893,3,203
1996,CN,RGRL,DYS,12914,3,203
1996,CN,RGRL,DWT,2378,3,203
1996,CN,RGRL,COST,49053405,0,81
1997,CN,ALL,D,2204130,3,203
1997,CN,ALL,DF,2011506,3,203
1997,CN,ALL,DP,64807,3,203
1997,CN,ALL,DYS,115425,3,203
1997,CN,ALL,DWT,12390,3,203
1997,CN,ALL,COST,720134384,0,81
1997,CN,CNNL,D,1072255,3,203
1997,CN,CNNL,DF,1018197,3,203
1997,CN,CNNL,DP,0,3,203
1997,CN,CNNL,DYS,51003,3,203
1997,CN,CNNL,DWT,3056,3,203
1997,CN,CNNL,COST,356912660,0,81
1997,CN,CNPC,D,870381,3,203
1997,CN,CNPC,DF,818037,3,203
1997,CN,CNPC,DP,0,3,203
1997,CN,CNPC,DYS,50538,3,203
1997,CN,CNPC,DWT,1805,3,203
1997,CN,CNPC,COST,280382550,0,81
1997,CN,VIAR,D,60725,3,203
1997,CN,VIAR,DF,0,3,203
1997,CN,VIAR,DP,60725,3,203
1997,CN,VIAR,DYS,0,3,203
1997,CN,VIAR,DWT,0,3,203
1997,CN,VIAR,COST,19821813,0,81
1997,CN,RGRL,D,200768,3,203
1997,CN,RGRL,DF,175273,3,203
1997,CN,RGRL,DP,4083,3,203
1997,CN,RGRL,DYS,13884,3,203
1997,CN,RGRL,DWT,7529,3,203
1997,CN,RGRL,COST,63017361,0,81
1998,CN,ALL,D,2077113,3,203
1998,CN,ALL,DF,1887488,3,203
1998,CN,ALL,DP,62823,3,203
1998,CN,ALL,DYS,116080,3,203
1998,CN,ALL,DWT,10722,3,203
1998,CN,ALL,COST,582158704,0,81
1998,CN,CNNL,D,1002939,3,203
1998,CN,CNNL,DF,944588,3,203
1998,CN,CNNL,DP,0,3,203
1998,CN,CNNL,DYS,54215,3,203
1998,CN,CNNL,DWT,4136,3,203
1998,CN,CNNL,COST,274829019,0,81
1998,CN,CNPC,D,815556,3,203
1998,CN,CNPC,DF,765316,3,203
1998,CN,CNPC,DP,0,3,203
1998,CN,CNPC,DYS,48111,3,203
1998,CN,CNPC,DWT,2128,3,203
1998,CN,CNPC,COST,235867167,0,81
1998,CN,VIAR,D,58588,3,203
1998,CN,VIAR,DF,0,3,203
1998,CN,VIAR,DP,58403,3,203
1998,CN,VIAR,DYS,185,3,203
1998,CN,VIAR,DWT,0,3,203
1998,CN,VIAR,COST,17435799,0,81
1998,CN,RGRL,D,200030,3,203
1998,CN,RGRL,DF,177583,3,203
1998,CN,RGRL,DP,4420,3,203
1998,CN,RGRL,DYS,13569,3,203
1998,CN,RGRL,DWT,4458,3,203
1998,CN,RGRL,COST,54026719,0,81
1999,CN,ALL,D,1950034,3,203
1999,CN,ALL,DF,1784841,3,203
1999,CN,ALL,DP,62921,3,203
1999,CN,ALL,DYS,94782,3,203
1999,CN,ALL,DWT,7491,3,203
1999,CN,ALL,COST,551887072,0,81
1999,CN,CNNL,D,882300,3,203
1999,CN,CNNL,DF,833304,3,203
1999,CN,CNNL,DP,0,3,203
1999,CN,CNNL,DYS,47904,3,203
1999,CN,CNNL,DWT,1092,3,203
1999,CN,CNNL,COST,240069607,0,81
1999,CN,CNPC,D,798652,3,203
1999,CN,CNPC,DF,762354,3,203
1999,CN,CNPC,DP,0,3,203
1999,CN,CNPC,DYS,32868,3,203
1999,CN,CNPC,DWT,3430,3,203
1999,CN,CNPC,COST,228045217,0,81
1999,CN,VIAR,D,58371,3,203
1999,CN,VIAR,DF,0,3,203
1999,CN,VIAR,DP,58195,3,203
1999,CN,VIAR,DYS,175,3,203
1999,CN,VIAR,DWT,0,3,203
1999,CN,VIAR,COST,17454192,0,81
1999,CN,RGRL,D,210713,3,203
1999,CN,RGRL,DF,189183,3,203
1999,CN,RGRL,DP,4726,3,203
1999,CN,RGRL,DYS,13835,3,203
1999,CN,RGRL,DWT,2969,3,203
1999,CN,RGRL,COST,66318056,0,81
2000,CN,ALL,D,1977051,3,203
2000,CN,ALL,DF,1817271,3,203
2000,CN,ALL,DP,66306,3,203
2000,CN,ALL,DYS,87064,3,203
2000,CN,ALL,DWT,6409,3,203
2000,CN,ALL,COST,769755416,0,81
2000,CN,CNNL,D,866120,3,203
2000,CN,CNNL,DF,819369,3,203
2000,CN,CNNL,DP,0,3,203
2000,CN,CNNL,DYS,45709,3,203
2000,CN,CNNL,DWT,1042,3,203
2000,CN,CNNL,COST,323300204,0,81
2000,CN,CNPC,D,819023,3,203
2000,CN,CNPC,DF,791698,3,203
2000,CN,CNPC,DP,0,3,203
2000,CN,CNPC,DYS,25183,3,203
2000,CN,CNPC,DWT,2143,3,203
2000,CN,CNPC,COST,337645187,0,81
2000,CN,VIAR,D,60955,3,203
2000,CN,VIAR,DF,0,3,203
2000,CN,VIAR,DP,60756,3,203
2000,CN,VIAR,DYS,199,3,203
2000,CN,VIAR,DWT,0,3,203
2000,CN,VIAR,COST,21110011,0,81
2000,CN,RGRL,D,230953,3,203
2000,CN,RGRL,DF,206205,3,203
2000,CN,RGRL,DP,5550,3,203
2000,CN,RGRL,DYS,15973,3,203
2000,CN,RGRL,DWT,3225,3,203
2000,CN,RGRL,COST,87700014,0,81
2001,CN,ALL,D,1982053,3,203
2001,CN,ALL,DF,1821474,3,203
2001,CN,ALL,DP,66789,3,203
2001,CN,ALL,DYS,86397,3,203
2001,CN,ALL,DWT,7393,3,203
2001,CN,ALL,COST,798357529,0,81
2001,CN,CNNL,D,904984,3,203
2001,CN,CNNL,DF,856010,3,203
2001,CN,CNNL,DP,0,3,203
2001,CN,CNNL,DYS,47883,3,203
2001,CN,CNNL,DWT,1091,3,203
2001,CN,CNNL,COST,361620149,0,81
2001,CN,CNPC,D,784208,3,203
2001,CN,CNPC,DF,758391,3,203
2001,CN,CNPC,DP,0,3,203
2001,CN,CNPC,DYS,22744,3,203
2001,CN,CNPC,DWT,3072,3,203
2001,CN,CNPC,COST,320106500,0,81
2001,CN,VIAR,D,61391,3,203
2001,CN,VIAR,DF,0,3,203
2001,CN,VIAR,DP,61197,3,203
2001,CN,VIAR,DYS,195,3,203
2001,CN,VIAR,DWT,0,3,203
2001,CN,VIAR,COST,26457234,0,81
2001,CN,RGRL,D,231471,3,203
2001,CN,RGRL,DF,207073,3,203
2001,CN,RGRL,DP,5593,3,203
2001,CN,RGRL,DYS,15576,3,203
2001,CN,RGRL,DWT,3230,3,203
2001,CN,RGRL,COST,90173646,0,81
2002,CN,ALL,D,1969741,3,203
2002,CN,ALL,DF,1819361,3,203
2002,CN,ALL,DP,68128,3,203
2002,CN,ALL,DYS,74764,3,203
2002,CN,ALL,DWT,7487,3,203
2002,CN,ALL,COST,712742623,0,81
2002,CN,CNNL,D,910726,3,203
2002,CN,CNNL,DF,868589,3,203
2002,CN,CNNL,DP,0,3,203
2002,CN,CNNL,DYS,39797,3,203
2002,CN,CNNL,DWT,2340,3,203
2002,CN,CNNL,COST,321268267,0,81
2002,CN,CNPC,D,786132,3,203
2002,CN,CNPC,DF,763953,3,203
2002,CN,CNPC,DP,0,3,203
2002,CN,CNPC,DYS,19540,3,203
2002,CN,CNPC,DWT,2639,3,203
2002,CN,CNPC,COST,288691605,0,81
2002,CN,VIAR,D,60824,3,203
2002,CN,VIAR,DF,0,3,203
2002,CN,VIAR,DP,60550,3,203
2002,CN,VIAR,DYS,274,3,203
2002,CN,VIAR,DWT,0,3,203
2002,CN,VIAR,COST,24159832,0,81
2002,CN,RGRL,D,212059,3,203
2002,CN,RGRL,DF,186819,3,203
2002,CN,RGRL,DP,7578,3,203
2002,CN,RGRL,DYS,15153,3,203
2002,CN,RGRL,DWT,2509,3,203
2002,CN,RGRL,COST,78622919,0,81
2003,CN,ALL,D,2007813,3,203
2003,CN,ALL,DF,1865509,3,203
2003,CN,ALL,DP,65428,3,203
2003,CN,ALL,DYS,70136,3,203
2003,CN,ALL,DWT,6741,3,203
2003,CN,ALL,COST,761278286,0,81
2003,CN,CNNL,D,912280,3,203
2003,CN,CNNL,DF,872848,3,203
2003,CN,CNNL,DP,462,3,203
2003,CN,CNNL,DYS,37101,3,203
2003,CN,CNNL,DWT,1870,3,203
2003,CN,CNNL,COST,332653051,0,81
2003,CN,CNPC,D,828027,3,203
2003,CN,CNPC,DF,807845,3,203
2003,CN,CNPC,DP,0,3,203
2003,CN,CNPC,DYS,17786,3,203
2003,CN,CNPC,DWT,2396,3,203
2003,CN,CNPC,COST,319635513,0,81
2003,CN,VIAR,D,61170,3,203
2003,CN,VIAR,DF,0,3,203
2003,CN,VIAR,DP,60873,3,203
2003,CN,VIAR,DYS,297,3,203
2003,CN,VIAR,DWT,0,3,203
2003,CN,VIAR,COST,23715977,0,81
2003,CN,RGRL,D,206336,3,203
2003,CN,RGRL,DF,184816,3,203
2003,CN,RGRL,DP,4094,3,203
2003,CN,RGRL,DYS,14951,3,203
2003,CN,RGRL,DWT,2475,3,203
2003,CN,RGRL,COST,85273745,0,81
2004,CN,ALL,D,2097070,3,203
2004,CN,ALL,DF,1953907,3,203
2004,CN,ALL,DP,64848,3,203
2004,CN,ALL,DYS,72421,3,203
2004,CN,ALL,DWT,5894,3,203
2004,CN,ALL,COST,846488822,0,81
2004,CN,CNNL,D,973265,3,203
2004,CN,CNNL,DF,932652,3,203
2004,CN,CNNL,DP,492,3,203
2004,CN,CNNL,DYS,38378,3,203
2004,CN,CNNL,DWT,1743,3,203
2004,CN,CNNL,COST,372890511,0,81
2004,CN,CNPC,D,861153,3,203
2004,CN,CNPC,DF,841623,3,203
2004,CN,CNPC,DP,0,3,203
2004,CN,CNPC,DYS,17947,3,203
2004,CN,CNPC,DWT,1584,3,203
2004,CN,CNPC,COST,355249447,0,81
2004,CN,VIAR,D,60638,3,203
2004,CN,VIAR,DF,0,3,203
2004,CN,VIAR,DP,60365,3,203
2004,CN,VIAR,DYS,273,3,203
2004,CN,VIAR,DWT,0,3,203
2004,CN,VIAR,COST,23977018,0,81
2004,CN,RGRL,D,202014,3,203
2004,CN,RGRL,DF,179632,3,203
2004,CN,RGRL,DP,3991,3,203
2004,CN,RGRL,DYS,15823,3,203
2004,CN,RGRL,DWT,2567,3,203
2004,CN,RGRL,COST,94371846,0,81
2005,CN,ALL,D,2130224,3,203
2005,CN,ALL,DF,1987726,3,203
2005,CN,ALL,DP,64986,3,203
2005,CN,ALL,DYS,67909,3,203
2005,CN,ALL,DWT,9603,3,203
2005,CN,ALL,COST,1153590667,0,81
2005,CN,CNNL,D,1028785,3,203
2005,CN,CNNL,DF,985880,3,203
2005,CN,CNNL,DP,424,3,203
2005,CN,CNNL,DYS,40106,3,203
2005,CN,CNNL,DWT,2375,3,203
2005,CN,CNNL,COST,552605898,0,81
2005,CN,CNPC,D,875823,3,203
2005,CN,CNPC,DF,854644,3,203
2005,CN,CNPC,DP,0,3,203
2005,CN,CNPC,DYS,16902,3,203
2005,CN,CNPC,DWT,4276,3,203
2005,CN,CNPC,COST,472080734,0,81
2005,CN,VIAR,D,60088,3,203
2005,CN,VIAR,DF,0,3,203
2005,CN,VIAR,DP,59838,3,203
2005,CN,VIAR,DYS,249,3,203
2005,CN,VIAR,DWT,0,3,203
2005,CN,VIAR,COST,30196526,0,81
2005,CN,RGRL,D,165529,3,203
2005,CN,RGRL,DF,147202,3,203
2005,CN,RGRL,DP,4724,3,203
2005,CN,RGRL,DYS,10651,3,203
2005,CN,RGRL,DWT,2953,3,203
2005,CN,RGRL,COST,98707509,0,81
2006,CN,ALL,D,2119082,3,203
2006,CN,ALL,DF,1979536,3,203
2006,CN,ALL,DP,62441,3,203
2006,CN,ALL,DYS,66694,3,203
2006,CN,ALL,DWT,10411,3,203
2006,CN,ALL,COST,1299571658,0,81
2006,CN,CNNL,D,1051395,3,203
2006,CN,CNNL,DF,1008573,3,203
2006,CN,CNNL,DP,344,3,203
2006,CN,CNNL,DYS,39052,3,203
2006,CN,CNNL,DWT,3426,3,203
2006,CN,CNNL,COST,633198093,0,81
2006,CN,CNPC,D,868931,3,203
2006,CN,CNPC,DF,848711,3,203
2006,CN,CNPC,DP,0,3,203
2006,CN,CNPC,DYS,16216,3,203
2006,CN,CNPC,DWT,4004,3,203
2006,CN,CNPC,COST,536126560,0,81
2006,CN,VIAR,D,58361,3,203
2006,CN,VIAR,DF,0,3,203
2006,CN,VIAR,DP,58148,3,203
2006,CN,VIAR,DYS,213,3,203
2006,CN,VIAR,DWT,0,3,203
2006,CN,VIAR,COST,37186421,0,81
2006,CN,RGRL,D,140396,3,203
2006,CN,RGRL,DF,122251,3,203
2006,CN,RGRL,DP,3949,3,203
2006,CN,RGRL,DYS,11214,3,203
2006,CN,RGRL,DWT,2981,3,203
2006,CN,RGRL,COST,93060584,0,81
2007,CN,ALL,D,2193684,3,203
2007,CN,ALL,DF,2058345,3,203
2007,CN,ALL,DP,62962,3,203
2007,CN,ALL,DYS,63425,3,203
2007,CN,ALL,DWT,8952,3,203
2007,CN,ALL,COST,1486001147,0,81
2007,CN,CNNL,D,1044591,3,203
2007,CN,CNNL,DF,1004256,3,203
2007,CN,CNNL,DP,427,3,203
2007,CN,CNNL,DYS,37787,3,203
2007,CN,CNNL,DWT,2121,3,203
2007,CN,CNNL,COST,731933193,0,81
2007,CN,CNPC,D,931407,3,203
2007,CN,CNPC,DF,912167,3,203
2007,CN,CNPC,DP,0,3,203
2007,CN,CNPC,DYS,15521,3,203
2007,CN,CNPC,DWT,3720,3,203
2007,CN,CNPC,COST,620873183,0,81
2007,CN,VIAR,D,58739,3,203
2007,CN,VIAR,DF,0,3,203
2007,CN,VIAR,DP,58518,3,203
2007,CN,VIAR,DYS,220,3,203
2007,CN,VIAR,DWT,0,3,203
2007,CN,VIAR,COST,37131069,0,81
2007,CN,RGRL,D,158947,3,203
2007,CN,RGRL,DF,141922,3,203
2007,CN,RGRL,DP,4017,3,203
2007,CN,RGRL,DYS,9897,3,203
2007,CN,RGRL,DWT,3111,3,203
2007,CN,RGRL,COST,96063702,0,81
2008,CN,ALL,D,2078060,3,203
2008,CN,ALL,DF,1950585,3,203
2008,CN,ALL,DP,63666,3,203
2008,CN,ALL,DYS,55633,3,203
2008,CN,ALL,DWT,8176,3,203
2008,CN,ALL,COST,1973051889,0,81
2008,CN,CNNL,D,1018213,3,203
2008,CN,CNNL,DF,980195,3,203
2008,CN,CNNL,DP,359,3,203
2008,CN,CNNL,DYS,34383,3,203
2008,CN,CNNL,DWT,3276,3,203
2008,CN,CNNL,COST,1002692222,0,81
2008,CN,CNPC,D,898023,3,203
2008,CN,CNPC,DF,881035,3,203
2008,CN,CNPC,DP,0,3,203
2008,CN,CNPC,DYS,12933,3,203
2008,CN,CNPC,DWT,4055,3,203
2008,CN,CNPC,COST,833983799,0,81
2008,CN,VIAR,D,59941,3,203
2008,CN,VIAR,DF,0,3,203
2008,CN,VIAR,DP,59718,3,203
2008,CN,VIAR,DYS,223,3,203
2008,CN,VIAR,DWT,0,3,203
2008,CN,VIAR,COST,47418556,0,81
2008,CN,RGRL,D,101883,3,203
2008,CN,RGRL,DF,89355,3,203
2008,CN,RGRL,DP,3589,3,203
2008,CN,RGRL,DYS,8094,3,203
2008,CN,RGRL,DWT,845,3,203
2008,CN,RGRL,COST,88957312,0,81
2009,CN,ALL,D,1769604,3,203
2009,CN,ALL,DF,1663312,3,203
2009,CN,ALL,DP,60542,3,203
2009,CN,ALL,DYS,39123,3,203
2009,CN,ALL,DWT,6627,3,203
2009,CN,ALL,COST,1125937702,0,81
2009,CN,CNNL,D,911825,3,203
2009,CN,CNNL,DF,883745,3,203
2009,CN,CNNL,DP,486,3,203
2009,CN,CNNL,DYS,24575,3,203
2009,CN,CNNL,DWT,3019,3,203
2009,CN,CNNL,COST,560297775,0,81
2009,CN,CNPC,D,722448,3,203
2009,CN,CNPC,DF,710771,3,203
2009,CN,CNPC,DP,0,3,203
2009,CN,CNPC,DYS,8741,3,203
2009,CN,CNPC,DWT,2936,3,203
2009,CN,CNPC,COST,461678454,0,81
2009,CN,VIAR,D,57000,3,203
2009,CN,VIAR,DF,0,3,203
2009,CN,VIAR,DP,56872,3,203
2009,CN,VIAR,DYS,128,3,203
2009,CN,VIAR,DWT,0,3,203
2009,CN,VIAR,COST,53968213,0,81
2009,CN,RGRL,D,78331,3,203
2009,CN,RGRL,DF,68796,3,203
2009,CN,RGRL,DP,3184,3,203
2009,CN,RGRL,DYS,5678,3,203
2009,CN,RGRL,DWT,673,3,203
2009,CN,RGRL,COST,49993260,0,81
2010,CN,ALL,D,1932685,3,203
2010,CN,ALL,DF,1832353,3,203
2010,CN,ALL,DP,55815,3,203
2010,CN,ALL,DYS,37297,3,203
2010,CN,ALL,DWT,7220,3,203
2010,CN,ALL,COST,1377926583,0,81
2010,CN,CNNL,D,NULL,3,203
2010,CN,CNNL,DF,NULL,3,203
2010,CN,CNNL,DP,NULL,3,203
2010,CN,CNNL,DYS,NULL,3,203
2010,CN,CNNL,DWT,NULL,3,203
2010,CN,CNNL,COST,NULL,0,81
2010,CN,CNPC,D,NULL,3,203
2010,CN,CNPC,DF,NULL,3,203
2010,CN,CNPC,DP,NULL,3,203
2010,CN,CNPC,DYS,NULL,3,203
2010,CN,CNPC,DWT,NULL,3,203
2010,CN,CNPC,COST,NULL,0,81
2010,CN,VIAR,D,NULL,3,203
2010,CN,VIAR,DF,NULL,3,203
2010,CN,VIAR,DP,NULL,3,203
2010,CN,VIAR,DYS,NULL,3,203
2010,CN,VIAR,DWT,NULL,3,203
2010,CN,VIAR,COST,NULL,0,81
2010,CN,RGRL,D,83949,3,203
2010,CN,RGRL,DF,74828,3,203
2010,CN,RGRL,DP,2781,3,203
2010,CN,RGRL,DYS,5584,3,203
2010,CN,RGRL,DWT,756,3,203
2010,CN,RGRL,COST,61533132,0,81
2011,CN,ALL,D,1898331,3,203
2011,CN,ALL,DF,1792045,3,203
2011,CN,ALL,DP,54129,3,203
2011,CN,ALL,DYS,44228,3,203
2011,CN,ALL,DWT,7929,3,203
2011,CN,ALL,COST,1736437746,0,81
2011,CN,CNNL,D,NULL,3,203
2011,CN,CNNL,DF,NULL,3,203
2011,CN,CNNL,DP,NULL,3,203
2011,CN,CNNL,DYS,NULL,3,203
2011,CN,CNNL,DWT,NULL,3,203
2011,CN,CNNL,COST,NULL,0,81
2011,CN,CNPC,D,NULL,3,203
2011,CN,CNPC,DF,NULL,3,203
2011,CN,CNPC,DP,NULL,3,203
2011,CN,CNPC,DYS,NULL,3,203
2011,CN,CNPC,DWT,NULL,3,203
2011,CN,CNPC,COST,NULL,0,81
2011,CN,VIAR,D,NULL,3,203
2011,CN,VIAR,DF,NULL,3,203
2011,CN,VIAR,DP,NULL,3,203
2011,CN,VIAR,DYS,NULL,3,203
2011,CN,VIAR,DWT,NULL,3,203
2011,CN,VIAR,COST,NULL,0,81
2011,CN,RGRL,D,89505,3,203
2011,CN,RGRL,DF,79579,3,203
2011,CN,RGRL,DP,3542,3,203
2011,CN,RGRL,DYS,5122,3,203
2011,CN,RGRL,DWT,1262,3,203
2011,CN,RGRL,COST,83121898,0,81
2012,CN,ALL,D,2060281,3,203
2012,CN,ALL,DF,1954550,3,203
2012,CN,ALL,DP,49416,3,203
2012,CN,ALL,DYS,48149,3,203
2012,CN,ALL,DWT,8167,3,203
2012,CN,ALL,COST,1899666193,0,81
2012,CN,CNNL,D,NULL,3,203
2012,CN,CNNL,DF,NULL,3,203
2012,CN,CNNL,DP,NULL,3,203
2012,CN,CNNL,DYS,NULL,3,203
2012,CN,CNNL,DWT,NULL,3,203
2012,CN,CNNL,COST,NULL,0,81
2012,CN,CNPC,D,NULL,3,203
2012,CN,CNPC,DF,NULL,3,203
2012,CN,CNPC,DP,NULL,3,203
2012,CN,CNPC,DYS,NULL,3,203
2012,CN,CNPC,DWT,NULL,3,203
2012,CN,CNPC,COST,NULL,0,81
2012,CN,VIAR,D,NULL,3,203
2012,CN,VIAR,DF,NULL,3,203
2012,CN,VIAR,DP,NULL,3,203
2012,CN,VIAR,DYS,NULL,3,203
2012,CN,VIAR,DWT,NULL,3,203
2012,CN,VIAR,COST,NULL,0,81
2012,CN,RGRL,D,87745,3,203
2012,CN,RGRL,DF,78705,3,203
2012,CN,RGRL,DP,3360,3,203
2012,CN,RGRL,DYS,4710,3,203
2012,CN,RGRL,DWT,970,3,203
2012,CN,RGRL,COST,83738335,0,81
2013,CN,ALL,D,2018468,3,203
2013,CN,ALL,DF,1922153,3,203
2013,CN,ALL,DP,44437,3,203
2013,CN,ALL,DYS,42062,3,203
2013,CN,ALL,DWT,9816,3,203
2013,CN,ALL,COST,1933565025,0,81
2013,CN,CNNL,D,NULL,3,203
2013,CN,CNNL,DF,NULL,3,203
2013,CN,CNNL,DP,NULL,3,203
2013,CN,CNNL,DYS,NULL,3,203
2013,CN,CNNL,DWT,NULL,3,203
2013,CN,CNNL,COST,NULL,0,81
2013,CN,CNPC,D,NULL,3,203
2013,CN,CNPC,DF,NULL,3,203
2013,CN,CNPC,DP,NULL,3,203
2013,CN,CNPC,DYS,NULL,3,203
2013,CN,CNPC,DWT,NULL,3,203
2013,CN,CNPC,COST,NULL,0,81
2013,CN,VIAR,D,NULL,3,203
2013,CN,VIAR,DF,NULL,3,203
2013,CN,VIAR,DP,NULL,3,203
2013,CN,VIAR,DYS,NULL,3,203
2013,CN,VIAR,DWT,NULL,3,203
2013,CN,VIAR,COST,NULL,0,81
2013,CN,RGRL,D,80711,3,203
2013,CN,RGRL,DF,72590,3,203
2013,CN,RGRL,DP,1972,3,203
2013,CN,RGRL,DYS,4631,3,203
2013,CN,RGRL,DWT,1518,3,203
2013,CN,RGRL,COST,79146100,0,81
2014,CN,ALL,D,2106723,3,203
2014,CN,ALL,DF,1992089,3,203
2014,CN,ALL,DP,42395,3,203
2014,CN,ALL,DYS,61898,3,203
2014,CN,ALL,DWT,10340,3,203
2014,CN,ALL,COST,2139416858,0,81
2014,CN,CNNL,D,NULL,3,203
2014,CN,CNNL,DF,NULL,3,203
2014,CN,CNNL,DP,NULL,3,203
2014,CN,CNNL,DYS,NULL,3,203
2014,CN,CNNL,DWT,NULL,3,203
2014,CN,CNNL,COST,NULL,0,81
2014,CN,CNPC,D,NULL,3,203
2014,CN,CNPC,DF,NULL,3,203
2014,CN,CNPC,DP,NULL,3,203
2014,CN,CNPC,DYS,NULL,3,203
2014,CN,CNPC,DWT,NULL,3,203
2014,CN,CNPC,COST,NULL,0,81
2014,CN,VIAR,D,NULL,3,203
2014,CN,VIAR,DF,NULL,3,203
2014,CN,VIAR,DP,NULL,3,203
2014,CN,VIAR,DYS,NULL,3,203
2014,CN,VIAR,DWT,NULL,3,203
2014,CN,VIAR,COST,NULL,0,81
2014,CN,RGRL,D,82059,3,203
2014,CN,RGRL,DF,73822,3,203
2014,CN,RGRL,DP,1930,3,203
2014,CN,RGRL,DYS,4869,3,203
2014,CN,RGRL,DWT,1437,3,203
2014,CN,RGRL,COST,80867389,0,81
2015,CN,ALL,D,2034853,3,203
2015,CN,ALL,DF,1926893,3,203
2015,CN,ALL,DP,43458,3,203
2015,CN,ALL,DYS,53951,3,203
2015,CN,ALL,DWT,10551,3,203
2015,CN,ALL,COST,1528438949,0,81
2015,CN,CNNL,D,NULL,3,203
2015,CN,CNNL,DF,NULL,3,203
2015,CN,CNNL,DP,NULL,3,203
2015,CN,CNNL,DYS,NULL,3,203
2015,CN,CNNL,DWT,NULL,3,203
2015,CN,CNNL,COST,NULL,0,81
2015,CN,CNPC,D,NULL,3,203
2015,CN,CNPC,DF,NULL,3,203
2015,CN,CNPC,DP,NULL,3,203
2015,CN,CNPC,DYS,NULL,3,203
2015,CN,CNPC,DWT,NULL,3,203
2015,CN,CNPC,COST,NULL,0,81
2015,CN,VIAR,D,NULL,3,203
2015,CN,VIAR,DF,NULL,3,203
2015,CN,VIAR,DP,NULL,3,203
2015,CN,VIAR,DYS,NULL,3,203
2015,CN,VIAR,DWT,NULL,3,203
2015,CN,VIAR,COST,NULL,0,81
2015,CN,RGRL,D,82088,3,203
2015,CN,RGRL,DF,73919,3,203
2015,CN,RGRL,DP,1717,3,203
2015,CN,RGRL,DYS,5025,3,203
2015,CN,RGRL,DWT,1427,3,203
2015,CN,RGRL,COST,63667115,0,81
2016,CN,ALL,D,1907374,3,203
2016,CN,ALL,DF,1803872,3,203
2016,CN,ALL,DP,44851,3,203
2016,CN,ALL,DYS,48615,3,203
2016,CN,ALL,DWT,10037,3,203
2016,CN,ALL,COST,1261598794,0,81
2016,CN,CNNL,D,NULL,3,203
2016,CN,CNNL,DF,NULL,3,203
2016,CN,CNNL,DP,NULL,3,203
2016,CN,CNNL,DYS,NULL,3,203
2016,CN,CNNL,DWT,NULL,3,203
2016,CN,CNNL,COST,NULL,0,81
2016,CN,CNPC,D,NULL,3,203
2016,CN,CNPC,DF,NULL,3,203
2016,CN,CNPC,DP,NULL,3,203
2016,CN,CNPC,DYS,NULL,3,203
2016,CN,CNPC,DWT,NULL,3,203
2016,CN,CNPC,COST,NULL,0,81
2016,CN,VIAR,D,NULL,3,203
2016,CN,VIAR,DF,NULL,3,203
2016,CN,VIAR,DP,NULL,3,203
2016,CN,VIAR,DYS,NULL,3,203
2016,CN,VIAR,DWT,NULL,3,203
2016,CN,VIAR,COST,NULL,0,81
2016,CN,RGRL,D,79636,3,203
2016,CN,RGRL,DF,71670,3,203
2016,CN,RGRL,DP,2004,3,203
2016,CN,RGRL,DYS,4895,3,203
2016,CN,RGRL,DWT,1067,3,203
2016,CN,RGRL,COST,50254311,0,81
2017,CN,ALL,D,2040497,3,203
2017,CN,ALL,DF,1933822,3,203
2017,CN,ALL,DP,47492,3,203
2017,CN,ALL,DYS,49982,3,203
2017,CN,ALL,DWT,9201,3,203
2017,CN,ALL,COST,1564486422,0,81
2017,CN,RGRL,D,76642,3,203
2017,CN,RGRL,DF,68997,3,203
2017,CN,RGRL,DP,2119,3,203
2017,CN,RGRL,DYS,4439,3,203
2017,CN,RGRL,DWT,1087,3,203
2017,CN,RGRL,COST,57713422,0,81
